movie,genre
The Witcher,"Action, Adventure, Drama"
Mission: Impossible - Dead Reckoning Part One,"Action, Adventure, Thriller"
Sound of Freedom,"Action, Biography, Drama"
Secret Invasion,"Action, Adventure, Drama"
Special Ops: Lioness,"Action, Drama, Thriller"
They Cloned Tyrone,"Action, Comedy, Mystery"
Star Trek: Strange New Worlds,"Action, Adventure, Sci-Fi"
One Piece,"Action, Adventure, Comedy"
Twisted Metal,"Action, Adventure, Comedy"
The Flash,"Action, Adventure, Fantasy"
Jack Ryan,"Action, Drama, Thriller"
Transformers: Rise of the Beasts,"Action, Adventure, Sci-Fi"
Game of Thrones,"Action, Adventure, Drama"
Indiana Jones and the Dial of Destiny,"Action, Adventure"
Invincible,"Animation, Action, Adventure"
The Boys,"Action, Comedy, Crime"
The Out-Laws,"Action, Comedy, Crime"
Justified,"Action, Crime, Drama"
Guardians of the Galaxy Vol. 3,"Action, Adventure, Comedy"
Spider-Man: Across the Spider-Verse,"Animation, Action, Adventure"
The Marvels,"Action, Adventure, Fantasy"
Teenage Mutant Ninja Turtles: Mutant Mayhem,"Animation, Action, Adventure"
Inception,"Action, Adventure, Sci-Fi"
Tenet,"Action, Sci-Fi, Thriller"
The Dark Knight,"Action, Crime, Drama"
Guy Ritchie's The Covenant,"Action, Thriller, War"
Dunkirk,"Action, Drama, History"
Hidden Strike,"Action, Adventure, Comedy"
Bawaal,"Action, Drama, Romance"
John Wick: Chapter 4,"Action, Crime, Thriller"
Avatar: The Way of Water,"Action, Adventure, Fantasy"
Jujutsu Kaisen,"Animation, Action, Adventure"
One Piece: Wan pîsu,"Animation, Action, Adventure"
Warrior,"Action, Crime, Drama"
The Last of Us,"Action, Adventure, Drama"
Dungeons & Dragons: Honor Among Thieves,"Action, Adventure, Comedy"
The Rookie,"Action, Crime, Drama"
Dune: Part One,"Action, Adventure, Drama"
Meg 2: The Trench,"Action, Adventure, Horror"
NCIS: Naval Criminal Investigative Service,"Action, Crime, Drama"
Mission: Impossible - Fallout,"Action, Adventure, Thriller"
Shingeki no Kyojin,"Animation, Action, Adventure"
Extraction 2,"Action, Thriller"
Mission: Impossible,"Action, Adventure, Thriller"
Miraculous - Le film,"Animation, Action, Adventure"
Fear the Night,"Action, Thriller"
The Batman,"Action, Crime, Drama"
Top Gun: Maverick,"Action, Drama"
The Meg,"Action, Horror, Sci-Fi"
Gen V,"Action, Adventure, Comedy"
Resident Evil: Death Island,"Animation, Action, Adventure"
Gran Turismo,"Action, Adventure, Drama"
Sisu,"Action, War"
House of the Dragon,"Action, Adventure, Drama"
Fast X,"Action, Adventure, Crime"
Reacher,"Action, Crime, Drama"
Star Trek: Lower Decks,"Animation, Action, Adventure"
Barry,"Action, Comedy, Crime"
"Ruby Gillman, Teenage Kraken","Animation, Action, Adventure"
Almost Paradise,"Action, Crime, Drama"
The Flash,"Action, Adventure, Drama"
Nimona,"Animation, Action, Adventure"
Vikings,"Action, Adventure, Drama"
Dune: Part Two,"Action, Adventure, Drama"
The Mandalorian,"Action, Adventure, Fantasy"
Paradise,"Action, Sci-Fi, Thriller"
The Night Agent,"Action, Drama, Thriller"
Justice League: Warworld,"Animation, Action, Adventure"
Mission: Impossible - Rogue Nation,"Action, Adventure, Thriller"
The Dark Knight Rises,"Action, Drama, Thriller"
65,"Action, Adventure, Drama"
Napoleon,"Action, Adventure, Biography"
Everything Everywhere All at Once,"Action, Adventure, Comedy"
The Wheel of Time,"Action, Adventure, Drama"
Batman Begins,"Action, Crime, Drama"
The Channel,"Action, Crime, Thriller"
My Adventures with Superman,"Animation, Action, Adventure"
Nobody,"Action, Crime, Drama"
Mission: Impossible - Ghost Protocol,"Action, Adventure, Thriller"
Blue Beetle,"Action, Adventure, Sci-Fi"
Mission: Impossible III,"Action, Adventure, Thriller"
Blade Runner 2049,"Action, Drama, Mystery"
Bullet Train,"Action, Comedy, Thriller"
Titans,"Action, Adventure, Crime"
Spider-Man: Into the Spider-Verse,"Animation, Action, Adventure"
The Dragon Prince,"Animation, Action, Adventure"
Mission: Impossible II,"Action, Adventure, Thriller"
Drive,"Action, Drama"
Raiders of the Lost Ark,"Action, Adventure"
Harley Quinn,"Animation, Action, Adventure"
Kimetsu no Yaiba,"Animation, Action, Adventure"
Star Trek: The Next Generation,"Action, Adventure, Sci-Fi"
S.W.A.T.,"Action, Adventure, Crime"
Ahsoka,"Action, Adventure, Drama"
The Last Kingdom,"Action, Drama, History"
God Is a Bullet,"Action, Crime, Horror"
The Suicide Squad,"Action, Adventure, Comedy"
Spider-Man: No Way Home,"Action, Adventure, Fantasy"
Borderlands,"Action, Adventure, Comedy"
FUBAR,"Action, Adventure, Comedy"
Prison Break,"Action, Crime, Drama"
9/1/2001,"Action, Drama, Thriller"
Buffy the Vampire Slayer,"Action, Drama, Fantasy"
The Hunger Games,"Action, Adventure, Sci-Fi"
The Creator,"Action, Adventure, Drama"
Top Gun,"Action, Drama"
Star Trek: Discovery,"Action, Adventure, Drama"
Smallville,"Action, Adventure, Drama"
The Lord of the Rings: The Rings of Power,"Action, Adventure, Drama"
Avengers: Endgame,"Action, Adventure, Drama"
Ant-Man and the Wasp: Quantumania,"Action, Adventure, Comedy"
Misanthrope,"Action, Crime, Drama"
Miraculous: Tales of Ladybug & Cat Noir,"Animation, Action, Adventure"
The Nice Guys,"Action, Comedy, Crime"
Bleach: Sennen Kessen-hen,"Animation, Action, Adventure"
Heat,"Action, Crime, Drama"
Kalki 2898-AD,"Action, Drama, Fantasy"
Kandahar,"Action, Thriller"
Chicago Fire,"Action, Drama"
The Lord of the Rings: The Fellowship of the Ring,"Action, Adventure, Drama"
Bastille Day,"Action, Crime, Drama"
Person of Interest,"Action, Crime, Drama"
Star Trek,"Action, Adventure, Sci-Fi"
Andor,"Action, Adventure, Drama"
Cobra Kai,"Action, Comedy, Drama"
Indiana Jones and the Last Crusade,"Action, Adventure"
Banshee,"Action, Crime, Drama"
Extraction,"Action, Thriller"
Suicide Squad,"Action, Adventure, Fantasy"
Shazam! Fury of the Gods,"Action, Adventure, Comedy"
Transformers,"Action, Adventure, Sci-Fi"
Deadpool 3,"Action, Comedy, Sci-Fi"
Gladiator,"Action, Adventure, Drama"
The Continental: From the World of John Wick,"Action, Crime, Thriller"
Black Adam,"Action, Adventure, Fantasy"
La casa de papel,"Action, Crime, Drama"
Guardians of the Galaxy,"Action, Adventure, Comedy"
Operation Fortune: Ruse de Guerre,"Action, Comedy, Thriller"
Star Trek: Deep Space Nine,"Action, Adventure, Drama"
Expend4bles,"Action, Adventure, Thriller"
Ghosted,"Action, Adventure, Comedy"
The Unbearable Weight of Massive Talent,"Action, Comedy, Crime"
Man of Steel,"Action, Adventure, Sci-Fi"
Jurassic Park,"Action, Adventure, Sci-Fi"
The Hunger Games: The Ballad of Songbirds and Snakes,"Action, Adventure, Drama"
Arrow,"Action, Adventure, Crime"
Star Trek: Picard,"Action, Adventure, Drama"
Mad Max: Fury Road,"Action, Adventure, Sci-Fi"
Pirates of the Caribbean: The Curse of the Black Pearl,"Action, Adventure, Fantasy"
Zack Snyder's Justice League,"Action, Adventure, Fantasy"
Venom: Let There Be Carnage,"Action, Sci-Fi, Thriller"
Plane,"Action, Adventure, Thriller"
Indiana Jones and the Temple of Doom,"Action, Adventure"
Agents of S.H.I.E.L.D.,"Action, Adventure, Drama"
Superman & Lois,"Action, Adventure, Drama"
Avatar,"Action, Adventure, Fantasy"
The Umbrella Academy,"Action, Adventure, Comedy"
The Gray Man,"Action, Thriller"
John Wick,"Action, Crime, Thriller"
The Matrix,"Action, Sci-Fi"
Loki,"Action, Adventure, Fantasy"
The Killer,"Action, Adventure, Crime"
Hawaii Five-0,"Action, Crime, Drama"
Immortals,"Action, Drama, Fantasy"
Aliens,"Action, Adventure, Sci-Fi"
Spartacus: Blood and Sand,"Action, Adventure, Biography"
Outer Banks,"Action, Crime, Drama"
Star Trek: Voyager,"Action, Adventure, Sci-Fi"
Spider-Man,"Action, Adventure, Sci-Fi"
Arcane: League of Legends,"Animation, Action, Adventure"
The Equalizer 3,"Action, Crime, Thriller"
Avatar: The Last Airbender,"Animation, Action, Adventure"
Watchmen,"Action, Drama, Mystery"
Léon,"Action, Crime, Drama"
9-1-1: Lone Star,"Action, Drama, Thriller"
Terminator 2: Judgment Day,"Action, Sci-Fi"
Chicago P.D.,"Action, Crime, Drama"
SEAL Team,"Action, Drama, War"
Citadel,"Action, Drama, Thriller"
Vinland Saga,"Animation, Action, Adventure"
See,"Action, Drama, Sci-Fi"
24,"Action, Crime, Drama"
Oldeuboi,"Action, Drama, Mystery"
The Gentlemen,"Action, Comedy, Crime"
Avengers: Infinity War,"Action, Adventure, Sci-Fi"
1917,"Action, Drama, War"
Im Westen nichts Neues,"Action, Drama, War"
The Night Manager,"Action, Crime, Mystery"
Sicario,"Action, Crime, Drama"
Thor: Love and Thunder,"Action, Adventure, Comedy"
Stargate SG-1,"Action, Adventure, Drama"
No Time to Die,"Action, Adventure, Thriller"
Shadow and Bone,"Action, Adventure, Drama"
Blade Runner,"Action, Drama, Sci-Fi"
The Lord of the Rings: The Return of the King,"Action, Adventure, Drama"
The Revenant,"Action, Adventure, Drama"
Star Wars: Rebels,"Animation, Action, Adventure"
Indiana Jones and the Kingdom of the Crystal Skull,"Action, Adventure"
Sympathy for the Devil,"Action, Thriller"
The Flood,"Action, Horror, Thriller"
Dune,"Action, Adventure, Sci-Fi"
Ojing-eo geim,"Action, Drama, Mystery"
Tropic Thunder,"Action, Comedy, War"
The Northman,"Action, Adventure, Drama"
Edge of Tomorrow,"Action, Adventure, Sci-Fi"
Star Wars: The Clone Wars,"Animation, Action, Adventure"
The Terminator,"Action, Sci-Fi"
Knights of the Zodiac,"Action, Adventure, Drama"
Daredevil,"Action, Crime, Drama"
Mission: Impossible - Dead Reckoning Part Two,"Action, Adventure, Thriller"
Jumanji: Welcome to the Jungle,"Action, Adventure, Comedy"
Pirates of the Caribbean: Dead Men Tell No Tales,"Action, Adventure, Fantasy"
Transformers: The Last Knight,"Action, Adventure, Sci-Fi"
Deadpool,"Action, Comedy"
Zom 100: Zombie ni Naru made ni Shitai 100 no Koto,"Animation, Action, Comedy"
Man on Fire,"Action, Crime, Drama"
Naruto,"Animation, Action, Adventure"
The Punisher,"Action, Crime, Drama"
Primal,"Animation, Action, Adventure"
"Love, Death & Robots","Animation, Short, Action"
Alita: Battle Angel,"Action, Adventure, Sci-Fi"
Ford v Ferrari,"Action, Biography, Drama"
Teenage Mutant Ninja Turtles,"Action, Adventure, Comedy"
Peacemaker,"Action, Adventure, Comedy"
Venom,"Action, Adventure, Sci-Fi"
Hypnotic,"Action, Mystery, Thriller"
FBI,"Action, Crime, Drama"
Chuck,"Action, Comedy, Drama"
Designated Survivor,"Action, Drama, Mystery"
The Old Man,"Action, Drama, Thriller"
Kingudamu,"Action, History, War"
Kingsman: The Secret Service,"Action, Adventure, Comedy"
Star Wars,"Action, Adventure, Fantasy"
Mushoku-tensei ~Isekai ittara honki dasu~,"Animation, Action, Adventure"
Captain America: The First Avenger,"Action, Adventure, Sci-Fi"
Jurassic World: Dominion,"Action, Adventure, Sci-Fi"
The Terminal List,"Action, Drama, Thriller"
In Time,"Action, Sci-Fi, Thriller"
Deep Blue Sea,"Action, Adventure, Sci-Fi"
Captain Marvel,"Action, Adventure, Sci-Fi"
Baywatch,"Action, Adventure, Crime"
Kraven the Hunter,"Action, Adventure, Sci-Fi"
Doctor Strange in the Multiverse of Madness,"Action, Adventure, Fantasy"
Guardians of the Galaxy Vol. 2,"Action, Adventure, Comedy"
Ready or Not,"Action, Comedy, Horror"
Black Panther: Wakanda Forever,"Action, Adventure, Drama"
NCIS: Los Angeles,"Action, Crime, Drama"
The Mummy,"Action, Adventure, Fantasy"
The Witcher: Blood Origin,"Action, Adventure, Drama"
Starship Troopers,"Action, Adventure, Sci-Fi"
Adventure Time,"Animation, Action, Adventure"
300,"Action, Drama"
Archer,"Animation, Action, Comedy"
The Equalizer,"Action, Crime, Thriller"
Kingdom of Heaven,"Action, Adventure, Drama"
Black Widow,"Action, Adventure, Sci-Fi"
The Baker,"Action, Crime, Drama"
Batman,"Action, Adventure"
Transformers: Age of Extinction,"Action, Adventure, Sci-Fi"
Uncharted,"Action, Adventure"
Iron Man,"Action, Adventure, Sci-Fi"
The Recruit,"Action, Adventure, Crime"
Spider-Man: Homecoming,"Action, Adventure, Sci-Fi"
Pathaan,"Action, Adventure, Thriller"
Birds of Prey and the Fantabulous Emancipation of One Harley Quinn,"Action, Comedy, Crime"
Deadpool 2,"Action, Adventure, Comedy"
Batman v Superman: Dawn of Justice,"Action, Adventure, Sci-Fi"
Naruto: Shippûden,"Animation, Action, Adventure"
Kill Bill: Vol. 1,"Action, Crime, Thriller"
Road House,"Action, Thriller"
Baby Driver,"Action, Crime, Drama"
Teen Wolf,"Action, Drama, Fantasy"
Gotham,"Action, Crime, Drama"
Rebel Moon,"Action, Adventure, Drama"
Baywatch,"Action, Comedy, Crime"
Dragged Across Concrete,"Action, Crime, Drama"
Hanma Baki: Son of Ogre,"Animation, Action, Drama"
Never Say Never Again,"Action, Adventure, Thriller"
World War Z,"Action, Adventure, Horror"
WandaVision,"Action, Comedy, Drama"
The Machine,"Action, Comedy"
A View to a Kill,"Action, Adventure, Thriller"
Mission: Impossible,"Action, Adventure, Crime"
Free Guy,"Action, Adventure, Comedy"
Ghostbusters,"Action, Comedy, Fantasy"
Halo,"Action, Adventure, Sci-Fi"
RRR (Rise Roar Revolt),"Action, Drama"
Sweet Tooth,"Action, Adventure, Drama"
Batman & Robin,"Action, Sci-Fi"
Station 19,"Action, Drama, Romance"
The Avengers,"Action, Sci-Fi"
From Dusk Till Dawn,"Action, Crime, Horror"
Ready Player One,"Action, Adventure, Sci-Fi"
Supergirl,"Action, Adventure, Drama"
Alice in Borderland,"Action, Drama, Mystery"
Justice League,"Action, Adventure, Fantasy"
Longmire,"Action, Crime, Drama"
The Woman King,"Action, Drama, History"
Thor: Ragnarok,"Action, Adventure, Comedy"
Aquaman and the Lost Kingdom,"Action, Adventure, Fantasy"
Spy,"Action, Thriller"
American Sniper,"Action, Biography, Drama"
Rome,"Action, Drama, Romance"
She-Hulk: Attorney at Law,"Action, Adventure, Comedy"
Bumblebee,"Action, Adventure, Sci-Fi"
The Mother,"Action, Thriller"
Die Hard,"Action, Thriller"
John Wick: Chapter 3 - Parabellum,"Action, Crime, Thriller"
Black Hawk Down,"Action, Drama, History"
Jack Reacher,"Action, Mystery, Thriller"
Bleach: Burîchi,"Animation, Action, Adventure"
Pearl Harbor,"Action, Drama, History"
The Day After Tomorrow,"Action, Adventure, Sci-Fi"
Walker,"Action, Crime, Drama"
RoboCop,"Action, Crime, Sci-Fi"
Hunter x Hunter,"Animation, Action, Adventure"
Les trois mousquetaires: D'Artagnan,"Action, Adventure, History"
Poker Face,"Action, Crime, Thriller"
Rabbit Hole,"Action, Drama, Thriller"
Eternals,"Action, Adventure, Fantasy"
Checkmate,"Action, Comedy"
Killing Eve,"Action, Adventure, Drama"
Prey,"Action, Adventure, Drama"
Boku no hîrô akademia,"Animation, Action, Adventure"
The Fall Guy,"Action, Drama"
The Fifth Element,"Action, Adventure, Sci-Fi"
Shang-Chi and the Legend of the Ten Rings,"Action, Adventure, Fantasy"
Independence Day,"Action, Adventure, Sci-Fi"
Fury,"Action, Drama, War"
Castlevania,"Animation, Action, Adventure"
Gladiator 2,"Action, Adventure, Drama"
Logan,"Action, Drama, Sci-Fi"
Enterprise,"Action, Adventure, Drama"
The Predator,"Action, Adventure, Horror"
Wrath of Man,"Action, Crime, Thriller"
Pixels,"Action, Comedy, Fantasy"
Hot Fuzz,"Action, Comedy, Mystery"
Black Clover,"Animation, Action, Adventure"
Batman Forever,"Action, Adventure"
The Lost City,"Action, Adventure, Comedy"
The Count of Monte Cristo,"Action, Adventure, Drama"
Battleship,"Action, Adventure, Sci-Fi"
Apocalypto,"Action, Adventure, Drama"
The Commuter,"Action, Mystery, Thriller"
The Last Duel,"Action, Drama, History"
The Karate Kid,"Action, Drama, Family"
Scott Pilgrim vs. the World,"Action, Comedy, Fantasy"
Superman: Legacy,"Action, Adventure, Fantasy"
The Wrath of Becky,"Action, Horror, Thriller"
The Hunger Games: Catching Fire,"Action, Adventure, Sci-Fi"
The Lord of the Rings: The Two Towers,"Action, Adventure, Drama"
Ambulance,"Action, Crime, Drama"
Divergent,"Action, Adventure, Mystery"
Gods of Egypt,"Action, Adventure, Drama"
Kick-Ass,"Action, Comedy, Crime"
Transformers: Revenge of the Fallen,"Action, Adventure, Sci-Fi"
John Wick: Chapter 2,"Action, Crime, Thriller"
Thor,"Action, Fantasy"
Transformers: Dark of the Moon,"Action, Adventure, Sci-Fi"
Suzume no Tojimari,"Animation, Action, Adventure"
Men in Black,"Action, Adventure, Comedy"
Death Proof,"Action, Thriller"
Battlestar Galactica,"Action, Adventure, Drama"
Vikings: Valhalla,"Action, Adventure, Drama"
Moon Knight,"Action, Adventure, Fantasy"
Alias,"Action, Drama, Mystery"
Knight and Day,"Action, Adventure, Comedy"
The Legend of Tarzan,"Action, Adventure, Drama"
The Warriors,"Action, Crime, Thriller"
The Fast and the Furious,"Action, Crime, Thriller"
Rogue One,"Action, Adventure, Sci-Fi"
Percy Jackson and the Olympians,"Action, Adventure, Family"
The Incredibles,"Animation, Action, Adventure"
Legion,"Action, Drama, Sci-Fi"
Wonder Woman,"Action, Adventure, Fantasy"
Armageddon,"Action, Adventure, Sci-Fi"
The Great Raid,"Action, Drama, War"
Ender's Game,"Action, Adventure, Sci-Fi"
CSI: Miami,"Action, Crime, Drama"
The Blues Brothers,"Action, Adventure, Comedy"
Migration,"Animation, Action, Comedy"
Jurassic World,"Action, Adventure, Sci-Fi"
GoldenEye,"Action, Adventure, Thriller"
Predator,"Action, Adventure, Horror"
Spider-Man 3,"Action, Adventure, Sci-Fi"
Obi-Wan Kenobi,"Action, Adventure, Sci-Fi"
Casino Royale,"Action, Adventure, Thriller"
Bloodhounds,"Action, Crime, Drama"
Star Wars: Episode I - The Phantom Menace,"Action, Adventure, Fantasy"
Conan the Barbarian,"Action, Adventure, Fantasy"
Transcendence,"Action, Drama, Sci-Fi"
Angel,"Action, Drama, Fantasy"
The Matrix Resurrections,"Action, Sci-Fi"
The Venture Bros.,"Animation, Action, Adventure"
Magnum P.I.,"Action, Adventure, Crime"
Ms. Marvel,"Action, Adventure, Comedy"
Star Trek Into Darkness,"Action, Adventure, Sci-Fi"
Chainsaw Man,"Animation, Action, Adventure"
X-Men,"Action, Adventure, Sci-Fi"
Harry Potter and the Order of the Phoenix,"Action, Adventure, Family"
The Man from U.N.C.L.E.,"Action, Adventure, Comedy"
Upgrade,"Action, Sci-Fi, Thriller"
Burn Notice,"Action, Crime, Drama"
Star Wars: Episode IX - The Rise of Skywalker,"Action, Adventure, Fantasy"
Black Sails,"Action, Adventure, Drama"
Noah,"Action, Adventure, Drama"
Spider-Man: Far from Home,"Action, Adventure, Comedy"
Warrior,"Action, Drama, Sport"
Altered Carbon,"Action, Drama, Sci-Fi"
Mad Max,"Action, Adventure, Sci-Fi"
"Magnum, P.I.","Action, Adventure, Crime"
Miami Vice,"Action, Crime, Drama"
Black Panther,"Action, Adventure, Sci-Fi"
The Bourne Identity,"Action, Mystery, Thriller"
Stargate: Atlantis,"Action, Adventure, Drama"
Jumanji: The Next Level,"Action, Adventure, Comedy"
The Lazarus Project,"Action, Drama, Fantasy"
F9,"Action, Crime, Thriller"
Batman: The Animated Series,"Animation, Action, Adventure"
Legends of Tomorrow,"Action, Adventure, Drama"
The Hunt,"Action, Horror, Thriller"
Red Notice,"Action, Comedy, Thriller"
The King's Man,"Action, Adventure, Thriller"
Point Break,"Action, Crime, Thriller"
The Legend of Vox Machina,"Animation, Action, Adventure"
Spider-Man 2,"Action, Adventure, Sci-Fi"
Minority Report,"Action, Crime, Mystery"
Aquaman,"Action, Adventure, Fantasy"
Doom Patrol,"Action, Adventure, Comedy"
Star Wars: Episode VII - The Force Awakens,"Action, Adventure, Sci-Fi"
V for Vendetta,"Action, Drama, Sci-Fi"
War of the Worlds,"Action, Adventure, Sci-Fi"
Rush Hour,"Action, Comedy, Crime"
The Magnificent Seven,"Action, Adventure, Drama"
Van Helsing,"Action, Adventure, Fantasy"
Anna,"Action, Thriller"
Star Wars: Episode V - The Empire Strikes Back,"Action, Adventure, Fantasy"
Castlevania: Nocturne,"Animation, Action, Adventure"
Rampage,"Action, Adventure, Sci-Fi"
Collateral,"Action, Crime, Drama"
Hagane no renkinjutsushi,"Animation, Action, Adventure"
Avatar: The Last Airbender,"Action, Adventure, Comedy"
Busanhaeng,"Action, Horror, Thriller"
Superman,"Action, Adventure, Sci-Fi"
Warhorse One,"Action, Drama, War"
Snowpiercer,"Action, Drama, Sci-Fi"
Pirates of the Caribbean: Dead Man's Chest,"Action, Adventure, Fantasy"
Peter Pan & Wendy,"Action, Adventure, Comedy"
Solo: A Star Wars Story,"Action, Adventure, Sci-Fi"
JoJo no Kimyô na Bôken,"Animation, Action, Adventure"
The Island,"Action, Thriller"
Escape Room,"Action, Adventure, Horror"
D.P.,"Action, Crime, Drama"
Major Crimes,"Action, Crime, Drama"
Dragon Ball Z,"Animation, Action, Adventure"
The Maze Runner,"Action, Mystery, Sci-Fi"
Harry Potter and the Half-Blood Prince,"Action, Adventure, Family"
3:10 to Yuma,"Action, Crime, Drama"
One Punch Man: Wanpanman,"Animation, Action, Comedy"
Red Sparrow,"Action, Drama, Thriller"
True Lies,"Action, Comedy, Thriller"
NCIS: Hawai'i,"Action, Crime, Mystery"
The Amazing Spider-Man,"Action, Adventure, Sci-Fi"
Terminator 3: Rise of the Machines,"Action, Sci-Fi"
Greyhound,"Action, Drama, History"
Murder Mystery 2,"Action, Comedy, Crime"
American Made,"Action, Comedy, Crime"
The Accountant,"Action, Thriller"
Avengers: Age of Ultron,"Action, Adventure, Sci-Fi"
Fast & Furious,"Action, Crime, Thriller"
Jessica Jones,"Action, Crime, Drama"
NCIS: New Orleans,"Action, Crime, Drama"
The Mask,"Action, Comedy, Crime"
The Other Guys,"Action, Comedy, Crime"
Ocean's Eight,"Action, Comedy, Crime"
21 Jump Street,"Action, Comedy, Crime"
Last Resort,"Action, Drama, Mystery"
IB 71,"Action, Thriller"
Miami Vice,"Action, Adventure, Crime"
Speed,"Action, Adventure, Thriller"
Stargate,"Action, Adventure, Sci-Fi"
Wanted,"Action, Crime, Thriller"
The Last Ship,"Action, Drama, Sci-Fi"
Training Day,"Action, Crime, Drama"
Kung Fu Panda,"Animation, Action, Adventure"
Iron Man Three,"Action, Adventure, Sci-Fi"
Hawkeye,"Action, Adventure, Crime"
The Pacific,"Action, Adventure, Drama"
Mortal Engines,"Action, Adventure, Fantasy"
Shazam!,"Action, Adventure, Comedy"
CSI: NY,"Action, Crime, Drama"
Mr. & Mrs. Smith,"Action, Comedy, Crime"
Thunderbolts,"Action, Adventure, Crime"
Skyfall,"Action, Adventure, Thriller"
X-Men: Days of Future Past,"Action, Adventure, Sci-Fi"
Batman Returns,"Action, Crime, Fantasy"
Source Code,"Action, Drama, Mystery"
Midway,"Action, Drama, History"
Taken,"Action, Crime, Thriller"
Captain America: Brave New World,"Action, Adventure, Sci-Fi"
Escape Plan,"Action, Thriller"
The Fast and the Furious: Tokyo Drift,"Action, Crime, Thriller"
Godzilla vs. Kong,"Action, Sci-Fi, Thriller"
Rush,"Action, Biography, Drama"
6 Underground,"Action, Thriller"
The Boondocks,"Animation, Action, Comedy"
Fallout,"Action, Adventure, Drama"
28 Weeks Later,"Action, Adventure, Horror"
Terminator: Dark Fate,"Action, Adventure, Sci-Fi"
The Last of the Mohicans,"Action, Adventure, Drama"
Godless,"Action, Drama, Western"
The Hunger Games: Mockingjay - Part 1,"Action, Adventure, Sci-Fi"
Children of Men,"Action, Drama, Sci-Fi"
Tron,"Action, Adventure, Sci-Fi"
In the Dark,"Action, Crime, Mystery"
"Lock, Stock and Two Smoking Barrels","Action, Comedy, Crime"
Shin Kamen Raidâ,"Action, Adventure, Drama"
Jigokuraku,"Animation, Action, Adventure"
Pirates of the Caribbean: On Stranger Tides,"Action, Adventure, Fantasy"
Shotgun Wedding,"Action, Comedy, Romance"
Escape Room: Tournament of Champions,"Action, Adventure, Horror"
Gangs of London,"Action, Crime, Drama"
Dawn of the Dead,"Action, Horror"
Star Wars: Episode III - Revenge of the Sith,"Action, Adventure, Fantasy"
Heart of Stone,"Action, Crime, Thriller"
Masters of the Air,"Action, Drama, Thriller"
Star Trek Beyond,"Action, Adventure, Sci-Fi"
Spider-Man: Beyond the Spider-Verse,"Animation, Action, Adventure"
Sonic the Hedgehog 2,"Action, Adventure, Comedy"
Spider-Man: Lotus,"Action, Drama"
Argylle,"Action, Thriller"
Chappie,"Action, Crime, Drama"
The Lego Movie,"Animation, Action, Adventure"
13 Hours,"Action, Drama, History"
Legend of the White Dragon,"Action, Adventure, Fantasy"
WarGames,"Action, Drama, Sci-Fi"
Kingdom,"Action, Drama, Horror"
The Incredible Hulk,"Action, Adventure, Sci-Fi"
District 9,"Action, Sci-Fi, Thriller"
Twister,"Action, Adventure, Thriller"
Star Wars: Episode VI - Return of the Jedi,"Action, Adventure, Fantasy"
Deep Impact,"Action, Drama, Sci-Fi"
Captain America: Civil War,"Action, Sci-Fi"
Anthropoid,"Action, Biography, Drama"
SAS Rogue Heroes,"Action, Drama, Thriller"
Blood & Gold,"Action, Drama, War"
X-Men: Apocalypse,"Action, Adventure, Sci-Fi"
Shichinin no samurai,"Action, Drama"
Predestination,"Action, Drama, Sci-Fi"
Pirates of the Caribbean: At World's End,"Action, Adventure, Fantasy"
The Equalizer 2,"Action, Crime, Thriller"
Lucy,"Action, Sci-Fi, Thriller"
Boss Bitch Fight Challenge,"Short, Action"
The Last Samurai,"Action, Drama"
The Fugitive,"Action, Crime, Drama"
Peaky Blinders: The King's Ransom,"Action, Adventure, Crime"
The Legend of Korra,"Animation, Action, Adventure"
Game Night,"Action, Adventure, Comedy"
Shûmatsu no Valkyrie,"Animation, Action, Adventure"
The Patriot,"Action, Drama, History"
Scorpion,"Action, Crime, Drama"
Kingsman: The Golden Circle,"Action, Adventure, Comedy"
The Amazing Spider-Man 2,"Action, Adventure, Sci-Fi"
Unbroken,"Action, Biography, Drama"
Hotel Artemis,"Action, Crime, Drama"
Homefront,"Action, Crime, Thriller"
Highlander,"Action, Adventure, Fantasy"
FBI: Most Wanted,"Action, Crime, Drama"
Split Second,"Action, Crime, Horror"
Doctor Strange,"Action, Adventure, Fantasy"
In the Heart of the Sea,"Action, Adventure, Biography"
Ant-Man,"Action, Comedy, Sci-Fi"
Pacific Rim,"Action, Adventure, Sci-Fi"
The Hunger Games: Mockingjay - Part 2,"Action, Adventure, Sci-Fi"
Gotham Knights,"Action, Crime, Drama"
Iron Fist,"Action, Adventure, Crime"
The Tomorrow War,"Action, Adventure, Drama"
Poketto monsutâ,"Animation, Action, Adventure"
Jungle Cruise,"Action, Adventure, Comedy"
The School for Good and Evil,"Action, Comedy, Drama"
The Book of Boba Fett,"Action, Adventure, Sci-Fi"
Elysium,"Action, Drama, Sci-Fi"
The Last Kingdom: Seven Kings Must Die,"Action, Drama, History"
Moonfall,"Action, Adventure, Sci-Fi"
Valerian and the City of a Thousand Planets,"Action, Adventure, Fantasy"
Jurassic World: Fallen Kingdom,"Action, Adventure, Sci-Fi"
The Boondock Saints,"Action, Thriller"
Sonic the Hedgehog,"Action, Adventure, Comedy"
Devotion,"Action, Drama, War"
El Camino: A Breaking Bad Movie,"Action, Crime, Drama"
JAG,"Action, Crime, Drama"
Fauda,"Action, Drama, Thriller"
Total Recall,"Action, Adventure, Sci-Fi"
Young Guns,"Action, Drama, Western"
Snow White and the Huntsman,"Action, Adventure, Drama"
Blade,"Action, Horror, Sci-Fi"
X: First Class,"Action, Sci-Fi"
Memory,"Action, Crime, Thriller"
Con Air,"Action, Crime, Thriller"
How to Train Your Dragon,"Animation, Action, Adventure"
Enter the Dragon,"Action, Crime, Thriller"
The Adam Project,"Action, Adventure, Comedy"
Kenpuu Denki Berserk,"Animation, Action, Adventure"
Babylon 5,"Action, Adventure, Drama"
Our Flag Means Death,"Action, Adventure, Biography"
Teenage Mutant Ninja Turtles: Out of the Shadows,"Action, Adventure, Comedy"
Sky High,"Action, Comedy, Family"
Constantine,"Action, Fantasy, Horror"
Avengers: Secret Wars,"Action, Adventure, Sci-Fi"
Fast & Furious 7,"Action, Crime, Thriller"
Clear and Present Danger,"Action, Crime, Drama"
Fantastic Four,"Action, Adventure, Sci-Fi"
Emergency!,"Action, Adventure, Comedy"
Sicario: Day of the Soldado,"Action, Crime, Drama"
The Rock,"Action, Adventure, Thriller"
What If...?,"Animation, Action, Adventure"
A Knight's Tale,"Action, Adventure, Romance"
Captain Phillips,"Action, Biography, Crime"
Cyberpunk: Edgerunners,"Animation, Action, Adventure"
The Rookie: Feds,"Action, Crime, Drama"
First Blood,"Action, Adventure, Thriller"
Queen of the South,"Action, Crime, Drama"
The Perfect Storm,"Action, Adventure, Drama"
Shooter,"Action, Drama, Thriller"
The Shallows,"Action, Drama, Horror"
Havoc,"Action, Thriller"
Oblivion,"Action, Adventure, Sci-Fi"
Ji-geum u-ri hak-gyo-neun,"Action, Drama, Fantasy"
Til Death Do Us Part,"Action, Thriller"
Hulk,"Action, Sci-Fi"
Army of the Dead,"Action, Crime, Drama"
Face/Off,"Action, Crime, Sci-Fi"
Wo de ren jian yan huo,"Action, Romance"
Violent Night,"Action, Comedy, Crime"
"Walker, Texas Ranger","Action, Adventure, Crime"
Captain America: The Winter Soldier,"Action, Adventure, Sci-Fi"
Star Wars: The Bad Batch,"Animation, Action, Adventure"
True Lies,"Action, Adventure, Comedy"
Jason Bourne,"Action, Thriller"
Morbius,"Action, Adventure, Horror"
PAW Patrol: The Mighty Movie,"Animation, Action, Adventure"
Batman,"Action, Crime, Fantasy"
Lethal Weapon,"Action, Crime, Thriller"
Zombieland,"Action, Comedy, Horror"
Teenage Mutant Ninja Turtles,"Animation, Action, Adventure"
The Bourne Supremacy,"Action, Mystery, Thriller"
Mortal Kombat,"Action, Adventure, Fantasy"
Mononoke-hime,"Animation, Action, Adventure"
Natural Born Killers,"Action, Crime, Romance"
DC League of Super-Pets,"Animation, Action, Adventure"
MacGyver,"Action, Adventure, Crime"
Wonder Woman 1984,"Action, Adventure, Fantasy"
Incredibles 2,"Animation, Action, Adventure"
Alien³,"Action, Horror, Sci-Fi"
Regular Show,"Animation, Action, Adventure"
Iron Man 2,"Action, Sci-Fi"
King Arthur: Legend of the Sword,"Action, Adventure, Drama"
Spectre,"Action, Adventure, Thriller"
Mortal Kombat 2,"Action, Adventure, Fantasy"
Baki,"Animation, Action, Drama"
Resident Evil,"Action, Horror, Sci-Fi"
Ride Along,"Action, Comedy, Crime"
Sherlock Holmes,"Action, Adventure, Mystery"
Star Wars: Episode II - Attack of the Clones,"Action, Adventure, Fantasy"
The Lost World: Jurassic Park,"Action, Adventure, Sci-Fi"
Drive-Away Dolls,"Action, Comedy, Thriller"
Daredevil: Born Again,"Action, Adventure, Crime"
Tank Girl,"Action, Comedy, Sci-Fi"
Enemy at the Gates,"Action, Drama, War"
The Huntsman: Winter's War,"Action, Adventure, Drama"
Triple Frontier,"Action, Thriller"
Mulan,"Action, Adventure, Drama"
Master and Commander: The Far Side of the World,"Action, Adventure, Drama"
Blindspot,"Action, Crime, Drama"
The Covenant,"Action, Adventure, Fantasy"
Drive Angry,"Action, Comedy, Fantasy"
Underwater,"Action, Horror, Sci-Fi"
Smokin' Aces,"Action, Comedy, Crime"
Ballerina,"Action, Thriller"
The Old Way,"Action, Drama, Western"
Enola Holmes,"Action, Adventure, Crime"
Kaubôi bibappu: Cowboy Bebop,"Animation, Action, Adventure"
Old Henry,"Action, Drama, Western"
They Live,"Action, Horror, Sci-Fi"
Pineapple Express,"Action, Comedy, Crime"
Terminator Genisys,"Action, Adventure, Sci-Fi"
Planet of the Apes,"Action, Adventure, Sci-Fi"
2012,"Action, Adventure, Sci-Fi"
Big Trouble in Little China,"Action, Adventure, Comedy"
Robin Hood: Prince of Thieves,"Action, Adventure, Drama"
Jawan,"Action, Thriller"
Kill Bill: Vol. 2,"Action, Crime, Thriller"
Star Wars: Episode VIII - The Last Jedi,"Action, Adventure, Fantasy"
Greenland,"Action, Thriller"
2 Fast 2 Furious,"Action, Crime, Thriller"
Thirteen Lives,"Action, Adventure, Biography"
King Kong,"Action, Adventure, Romance"
Run Hide Fight,"Action, Crime, Drama"
Becky,"Action, Crime, Drama"
The Twilight Saga: Eclipse,"Action, Adventure, Drama"
The Three Musketeers,"Action, Adventure, Fantasy"
X-Men Origins: Wolverine,"Action, Sci-Fi"
Alien Resurrection,"Action, Horror, Sci-Fi"
The Owl House,"Animation, Action, Adventure"
Untitled Venom Sequel,"Action, Adventure, Sci-Fi"
Only God Forgives,"Action, Crime, Drama"
Warcraft,"Action, Adventure, Fantasy"
Batman v Superman: Dawn of Justice (Ultimate Edition),"Action, Adventure, Sci-Fi"
Poseidon,"Action, Adventure, Thriller"
Johnny English Strikes Again,"Action, Adventure, Comedy"
The Fighter,"Action, Biography, Drama"
Olympus Has Fallen,"Action, Thriller"
Phineas and Ferb,"Animation, Short, Action"
The Crow,"Action, Crime, Drama"
Looper,"Action, Drama, Sci-Fi"
Polar,"Action, Thriller"
Waterworld,"Action, Adventure, Sci-Fi"
Tomb Raider,"Action, Adventure, Fantasy"
Clash of the Titans,"Action, Adventure, Fantasy"
Batgirl,"Action, Adventure, Crime"
Superhero Movie,"Action, Comedy, Sci-Fi"
The World's End,"Action, Comedy, Sci-Fi"
Murder Mystery,"Action, Comedy, Crime"
Lupin,"Action, Crime, Drama"
Super 8,"Action, Mystery, Sci-Fi"
Shinseiki Evangelion,"Animation, Action, Drama"
Red Dead Redemption II,"Action, Adventure, Crime"
Creed,"Action, Drama, Sport"
Kaleidoscope,"Action, Crime, Drama"
Beverly Hills Cop,"Action, Comedy, Crime"
Shadowhunters: The Mortal Instruments,"Action, Drama, Fantasy"
National Treasure,"Action, Adventure, Mystery"
X-Men: The Last Stand,"Action, Adventure, Sci-Fi"
Lone Survivor,"Action, Biography, Drama"
Captain Underpants: The First Epic Movie,"Animation, Action, Adventure"
G.I. Joe: The Rise of Cobra,"Action, Adventure, Sci-Fi"
The Life Aquatic with Steve Zissou,"Action, Adventure, Comedy"
The Falcon and the Winter Soldier,"Action, Adventure, Drama"
John Carter,"Action, Adventure, Sci-Fi"
American Gladiators,"Action, Game-Show, Sport"
Gamer,"Action, Sci-Fi, Thriller"
Hitman's Wife's Bodyguard,"Action, Comedy, Crime"
Quantum Leap,"Action, Adventure, Drama"
Men in Black 3,"Action, Adventure, Comedy"
Oldboy,"Action, Drama, Mystery"
Young Hercules,"Action, Adventure, Fantasy"
I Am Legend,"Action, Drama, Horror"
Hwan Hon,"Action, Drama, Fantasy"
Called to Duty,Action
Sucker Punch,"Action, Adventure, Fantasy"
Godzilla,"Action, Adventure, Sci-Fi"
The Wolverine,"Action, Sci-Fi"
Law Abiding Citizen,"Action, Crime, Drama"
Strike Back,"Action, Drama, Thriller"
Spy,"Action, Comedy"
The Italian Job,"Action, Crime, Thriller"
Henry Danger,"Action, Comedy, Family"
Treason,"Action, Drama, Thriller"
American Born Chinese,"Action, Adventure, Comedy"
Resident Evil: Welcome to Raccoon City,"Action, Horror, Sci-Fi"
Tehran,"Action, Crime, Drama"
Die Hard with a Vengeance,"Action, Adventure, Thriller"
The Equalizer,"Action, Crime, Drama"
The Collective,Action
"I, Robot","Action, Mystery, Sci-Fi"
MacGyver,"Action, Adventure, Drama"
Pancho Villa. El Centauro del Norte,"Action, Adventure, Biography"
Kingdom of the Planet of the Apes,"Action, Sci-Fi"
Tokyo Revengers,"Animation, Action, Drama"
Boruto: Naruto Next Generations,"Animation, Action, Adventure"
The Quick and the Dead,"Action, Drama, Romance"
Avengers: The Kang Dynasty,"Action, Adventure, Sci-Fi"
Shooter,"Action, Drama"
The Last Man on Earth,"Action, Comedy, Drama"
Fast & Furious Presents: Hobbs & Shaw,"Action, Adventure, Thriller"
Madame Web,"Action, Adventure, Sci-Fi"
Tag,"Action, Comedy"
Beast,"Action, Adventure, Drama"
Men in Black II,"Action, Adventure, Comedy"
Underworld,"Action, Fantasy, Thriller"
Mad Max 2,"Action, Adventure, Sci-Fi"
Serenity,"Action, Adventure, Sci-Fi"
Gyeongiroun Somun,"Action, Fantasy, Horror"
Public Enemies,"Action, Biography, Crime"
Fast Five,"Action, Crime, Thriller"
Big Hero 6,"Animation, Action, Adventure"
Grand Theft Auto V,"Action, Comedy, Crime"
Kong: Skull Island,"Action, Adventure, Fantasy"
Teen Titans,"Animation, Action, Adventure"
Long ma jing shen,"Action, Comedy, Drama"
Rango,"Animation, Action, Adventure"
Dark Phoenix,"Action, Adventure, Sci-Fi"
The Last Boy Scout,"Action, Comedy, Crime"
Superman Returns,"Action, Adventure, Sci-Fi"
Clash of the Titans,"Action, Adventure, Family"
Raya and the Last Dragon,"Animation, Action, Adventure"
The Bourne Legacy,"Action, Adventure, Thriller"
Thor: The Dark World,"Action, Adventure, Fantasy"
For Your Eyes Only,"Action, Adventure, Thriller"
Gadar 2,"Action, Drama"
Farscape,"Action, Adventure, Drama"
Chronicle,"Action, Drama, Sci-Fi"
Ragnarok,"Action, Drama, Fantasy"
Retfærdighedens ryttere,"Action, Comedy, Drama"
Quantum of Solace,"Action, Adventure, Mystery"
Falling Down,"Action, Crime, Drama"
The Old Guard,"Action, Thriller"
Den of Thieves,"Action, Crime, Drama"
Maximum Overdrive,"Action, Comedy, Horror"
Atomic Blonde,"Action, Thriller"
Ang-ma-reul bo-at-da,"Action, Crime, Thriller"
The Lord of the Rings: The War of the Rohirrim,"Animation, Action, Adventure"
Hanna,"Action, Adventure, Drama"
Dragonball Evolution,"Action, Adventure, Fantasy"
White House Down,"Action, Drama, Thriller"
Free Fire,"Action, Comedy, Crime"
Outlaw King,"Action, Biography, Drama"
Creed II,"Action, Drama, Sport"
The A-Team,"Action, Adventure, Crime"
Gemini Man,"Action, Sci-Fi, Thriller"
X2,"Action, Sci-Fi, Thriller"
The World Is Not Enough,"Action, Adventure, Thriller"
The Matrix Reloaded,"Action, Sci-Fi"
The Wild Wild West,"Action, Adventure, Western"
RED,"Action, Comedy, Crime"
The New Mutants,"Action, Horror, Mystery"
Furiosa,"Action, Adventure, Sci-Fi"
Rise of the Planet of the Apes,"Action, Drama, Sci-Fi"
Akira,"Animation, Action, Drama"
Young Justice,"Animation, Action, Adventure"
Agent Carter,"Action, Adventure, Crime"
Logan Lucky,"Action, Comedy, Crime"
Samaritan,"Action, Drama, Fantasy"
The Librarians,"Action, Adventure, Comedy"
The Mummy Returns,"Action, Adventure, Fantasy"
Vertical Limit,"Action, Adventure, Drama"
Infinite,"Action, Sci-Fi, Thriller"
Jack Reacher: Never Go Back,"Action, Crime, Drama"
Kingdom II: Harukanaru Daichi e,"Action, Adventure, History"
The Lego Batman Movie,"Animation, Action, Adventure"
Nikita,"Action, Crime, Drama"
The Roundup: No Way Out,"Action, Crime, Thriller"
Deja Vu,"Action, Crime, Sci-Fi"
Dragon Ball Super: Super Hero,"Animation, Action, Adventure"
Perfect Addiction,"Action, Drama, Romance"
Spy x Family,"Animation, Action, Comedy"
Charlie's Angels,"Action, Adventure, Comedy"
Red One,"Action, Adventure, Comedy"
22 Jump Street,"Action, Comedy, Crime"
Deepwater Horizon,"Action, Drama, History"
Enola Holmes 2,"Action, Adventure, Crime"
The Harder They Fall,"Action, Drama, Western"
Day Shift,"Action, Comedy, Fantasy"
Bungou Stray Dogs,"Animation, Action, Comedy"
Army of Thieves,"Action, Comedy, Crime"
Layer Cake,"Action, Crime, Drama"
The Expendables,"Action, Adventure, Thriller"
Into the Badlands,"Action, Adventure, Drama"
Crank,"Action, Crime, Thriller"
The Fate of the Furious,"Action, Crime, Thriller"
Pokémon: Detective Pikachu,"Action, Adventure, Comedy"
Lightyear,"Animation, Action, Adventure"
The Hunt for Red October,"Action, Adventure, Thriller"
The Family Man,"Action, Comedy, Drama"
The Avengers,"Action, Comedy, Crime"
Warrior Nun,"Action, Drama, Fantasy"
The Winchesters,"Action, Adventure, Drama"
Safe House,"Action, Thriller"
Dredd,"Action, Crime, Sci-Fi"
Hellboy,"Action, Adventure, Fantasy"
The Island,"Action, Sci-Fi, Thriller"
Fallen,"Action, Crime, Drama"
San Andreas,"Action, Adventure, Thriller"
Death Wish,"Action, Crime, Drama"
Ghost in the Shell,"Action, Crime, Drama"
AKA,"Action, Crime, Thriller"
Teenage Mutant Ninja Turtles II: The Secret of the Ooze,"Action, Adventure, Comedy"
Cloverfield,"Action, Adventure, Horror"
12 Strong,"Action, Drama, History"
Now You See Me 2,"Action, Adventure, Comedy"
Kick-Ass 2,"Action, Comedy, Crime"
The Quarry,"Action, Adventure, Drama"
Patriot Games,"Action, Thriller"
Furious 6,"Action, Adventure, Crime"
Don't Breathe 2,"Action, Crime, Horror"
Spiderhead,"Action, Crime, Drama"
Bad Boys 4,"Action, Adventure, Comedy"
The Dukes of Hazzard,"Action, Comedy"
Planet Terror,"Action, Comedy, Horror"
The League of Extraordinary Gentlemen,"Action, Adventure, Fantasy"
Jurassic Park III,"Action, Adventure, Sci-Fi"
Gintama,"Animation, Action, Comedy"
Teen Wolf: The Movie,"Action, Drama, Fantasy"
FBI: International,"Action, Adventure, Crime"
The Nevers,"Action, Drama, Fantasy"
Atlantis: The Lost Empire,"Animation, Action, Adventure"
Lockwood & Co.,"Action, Adventure, Drama"
The Bourne Ultimatum,"Action, Mystery, Thriller"
Bad Boys,"Action, Comedy, Crime"
Tomorrowland,"Action, Adventure, Family"
Demolition Man,"Action, Sci-Fi, Thriller"
The Last Airbender,"Action, Adventure, Family"
Last Seen Alive,"Action, Mystery, Thriller"
Masters of the Universe,"Action, Adventure, Fantasy"
Godzilla: King of the Monsters,"Action, Adventure, Fantasy"
Men in Black: International,"Action, Adventure, Comedy"
Terminator Salvation,"Action, Adventure, Sci-Fi"
Lethal Weapon 5,"Action, Thriller"
Fate: The Winx Saga,"Action, Adventure, Drama"
The Running Man,"Action, Sci-Fi, Thriller"
Exodus: Gods and Kings,"Action, Adventure, Drama"
Emancipation,"Action, Thriller"
One Piece Film Red,"Animation, Action, Adventure"
Mad Max Beyond Thunderdome,"Action, Adventure, Sci-Fi"
Smokey and the Bandit,"Action, Adventure, Comedy"
Mandy,"Action, Fantasy, Horror"
Escape from New York,"Action, Adventure, Sci-Fi"
G.I. Joe: Retaliation,"Action, Adventure, Sci-Fi"
Romancing the Stone,"Action, Adventure, Comedy"
Gunpowder Milkshake,"Action, Crime, Thriller"
Black Summer,"Action, Drama, Horror"
Blade,"Action, Adventure, Fantasy"
The Contractor,"Action, Drama, Thriller"
Commando,"Action, Adventure, Thriller"
Everest,"Action, Adventure, Biography"
Hercules,"Action, Adventure, Fantasy"
Sonic Prime,"Animation, Action, Adventure"
Lethal Weapon,"Action, Comedy, Crime"
Godzilla x Kong: The New Empire,"Action, Adventure, Sci-Fi"
300: Rise of an Empire,"Action, Drama"
Kickboxer,"Action, Sport, Thriller"
Pain & Gain,"Action, Comedy, Crime"
Team America: World Police,"Action, Comedy"
Gekijouban Jujutsu Kaisen 0,"Animation, Action, Fantasy"
TMNT,"Animation, Action, Adventure"
Dr. No,"Action, Adventure, Thriller"
Miss Congeniality,"Action, Comedy, Crime"
Polite Society,"Action, Comedy"
Retribution,"Action, Crime, Drama"
Covert Affairs,"Action, Crime, Drama"
A History of Violence,"Action, Crime, Drama"
Terminator: The Sarah Connor Chronicles,"Action, Drama, Fantasy"
Binsenjo,"Action, Comedy, Crime"
Oegye+in 1bu,"Action, Adventure, Fantasy"
Ant-Man and the Wasp,"Action, Adventure, Comedy"
Monster Hunter,"Action, Adventure, Fantasy"
Shantaram,"Action, Adventure, Crime"
Disenchantment,"Animation, Action, Adventure"
True History of the Kelly Gang,"Action, Biography, Crime"
Rambo: First Blood Part II,"Action, Adventure, Thriller"
Mannix,"Action, Crime, Drama"
V,"Action, Adventure, Sci-Fi"
Serbuan maut,"Action, Crime, Thriller"
Geostorm,"Action, Sci-Fi, Thriller"
End of Watch,"Action, Adventure, Crime"
Marco Polo,"Action, Adventure, Drama"
You Don't Mess with the Zohan,"Action, Comedy"
Knowing,"Action, Mystery, Sci-Fi"
The Sum of All Fears,"Action, Drama, Thriller"
Independence Day: Resurgence,"Action, Adventure, Sci-Fi"
Air Force One,"Action, Drama, Thriller"
Open Range,"Action, Drama, Romance"
Strange World,"Animation, Action, Adventure"
Machete,"Action, Crime, Thriller"
Central Intelligence,"Action, Comedy, Crime"
Bad Boys for Life,"Action, Comedy, Crime"
Rush Hour 2,"Action, Comedy, Crime"
The Three Musketeers,"Action, Adventure, Romance"
Dragon Ball Super: Doragon bôru cho,"Animation, Action, Adventure"
Joy Ride,"Action, Mystery, Thriller"
The Hitman's Bodyguard,"Action, Comedy, Crime"
Mafia Mamma,"Action, Comedy, Crime"
Bronson,"Action, Crime, Drama"
Die Another Day,"Action, Adventure, Thriller"
Dog Soldiers,"Action, Horror, Thriller"
Real Steel,"Action, Drama, Sci-Fi"
Ben 10,"Animation, Action, Adventure"
The Young Indiana Jones Chronicles,"Action, Adventure, Family"
Dirty Harry,"Action, Crime, Thriller"
Haita de actiune,"Action, Comedy"
We Can Be Heroes,"Action, Comedy, Drama"
Love and Monsters,"Action, Adventure, Comedy"
Lou,"Action, Adventure, Crime"
Final Fantasy XVI,"Action, Adventure, Drama"
Çukur,"Action, Crime, Thriller"
