movie,stars
The Witcher,"['Henry Cavill, ', 'Freya Allan, ', 'Anya Chalotra, ', 'Eamon Farren', '']"
Mission: Impossible - Dead Reckoning Part One,"['Tom Cruise, ', 'Hayley Atwell, ', 'Ving Rhames, ', 'Simon Pegg', '']"
Sound of Freedom,"['Jim Caviezel, ', 'Mira Sorvino, ', 'Bill Camp, ', 'Cristal Aparicio', '']"
Secret Invasion,"['Samuel L. Jackson, ', 'Emilia Clarke, ', 'Don Cheadle, ', 'Kingsley Ben-Adir', '']"
Special Ops: Lioness,"['Zoe Saldana, ', 'Laysla De Oliveira, ', 'Dave Annable, ', 'Nicole Kidman', '']"
They Cloned Tyrone,"['John Boyega, ', 'Jamie Foxx, ', 'Teyonah Parris, ', 'Kiefer Sutherland', '']"
Star Trek: Strange New Worlds,"['Anson Mount, ', 'Ethan Peck, ', 'Christina Chong, ', 'Melissa Navia', '']"
One Piece,"['Iñaki Godoy, ', 'Mackenyu, ', 'Emily Rudd, ', 'Jacob Romero', '']"
Twisted Metal,"['Anthony Mackie, ', 'Tahj Vaughans, ', 'Stephanie Beatriz, ', 'Chelle Ramos', '']"
The Flash,"['Ezra Miller, ', 'Michael Keaton, ', 'Sasha Calle, ', 'Michael Shannon', '']"
Jack Ryan,"['John Krasinski, ', 'Wendell Pierce, ', 'Michael Kelly, ', 'Abbie Cornish', '']"
Transformers: Rise of the Beasts,"['Anthony Ramos, ', 'Dominique Fishback, ', 'Luna Lauren Velez, ', 'Dean Scott Vazquez', '']"
Game of Thrones,"['Emilia Clarke, ', 'Peter Dinklage, ', 'Kit Harington, ', 'Lena Headey', '']"
Indiana Jones and the Dial of Destiny,"['Harrison Ford, ', 'Phoebe Waller-Bridge, ', 'Antonio Banderas, ', 'Karen Allen', '']"
Invincible,"['Steven Yeun, ', 'J.K. Simmons, ', 'Sandra Oh, ', 'Zazie Beetz', '']"
The Boys,"['Karl Urban, ', 'Jack Quaid, ', 'Antony Starr, ', 'Erin Moriarty', '']"
The Out-Laws,"['Adam Devine, ', 'Pierce Brosnan, ', 'Ellen Barkin, ', 'Nina Dobrev', '']"
Justified,"['Timothy Olyphant, ', 'Nick Searcy, ', 'Joelle Carter, ', 'Jacob Pitts', '']"
Guardians of the Galaxy Vol. 3,"['Chris Pratt, ', 'Chukwudi Iwuji, ', 'Bradley Cooper, ', 'Pom Klementieff', '']"
Spider-Man: Across the Spider-Verse,"['Shameik Moore, ', 'Hailee Steinfeld, ', 'Brian Tyree Henry, ', 'Luna Lauren Velez', '']"
The Marvels,"['Teyonah Parris, ', 'Zawe Ashton, ', 'Brie Larson, ', 'Samuel L. Jackson', '']"
Teenage Mutant Ninja Turtles: Mutant Mayhem,"['Rose Byrne, ', 'Natasia Demetriou, ', 'Ayo Edebiri, ', 'John Cena', '']"
Inception,"['Leonardo DiCaprio, ', 'Joseph Gordon-Levitt, ', 'Elliot Page, ', 'Ken Watanabe', '']"
Tenet,"['John David Washington, ', 'Robert Pattinson, ', 'Elizabeth Debicki, ', 'Juhan Ulfsak', '']"
The Dark Knight,"['Christian Bale, ', 'Heath Ledger, ', 'Aaron Eckhart, ', 'Michael Caine', '']"
Guy Ritchie's The Covenant,"['Jake Gyllenhaal, ', 'Dar Salim, ', 'Sean Sagar, ', 'Jason Wong', '']"
Dunkirk,"['Fionn Whitehead, ', 'Barry Keoghan, ', 'Mark Rylance, ', 'Tom Hardy', '']"
Hidden Strike,"['John Cena, ', 'Jackie Chan, ', 'Pilou Asbæk, ', 'Rachael Holoway', '']"
Bawaal,"['Varun Dhawan, ', 'Janhvi Kapoor, ', 'Manoj Pahwa, ', 'Anjuman Saxena', '']"
John Wick: Chapter 4,"['Keanu Reeves, ', 'Laurence Fishburne, ', 'George Georgiou, ', 'Lance Reddick', '']"
Avatar: The Way of Water,"['Sam Worthington, ', 'Zoe Saldana, ', 'Sigourney Weaver, ', 'Stephen Lang', '']"
Jujutsu Kaisen,"['Junya Enoki, ', 'Adam McArthur, ', 'Yûichi Nakamura, ', 'Yuma Uchida', '']"
One Piece: Wan pîsu,"['Mayumi Tanaka, ', 'Laurent Vernin, ', 'Tony Beck, ', 'Akemi Okamura', '']"
Warrior,"['Andrew Koji, ', 'Langley Kirkwood, ', 'Olivia Cheng, ', 'Jason Tobin', '']"
The Last of Us,"['Pedro Pascal, ', 'Bella Ramsey, ', 'Anna Torv, ', 'Lamar Johnson', '']"
Dungeons & Dragons: Honor Among Thieves,"['Chris Pine, ', 'Michelle Rodriguez, ', 'Regé-Jean Page, ', 'Justice Smith', '']"
The Rookie,"['Nathan Fillion, ', 'Alyssa Diaz, ', 'Richard T. Jones, ', ""Melissa O'Neil"", '']"
Dune: Part One,"['Timothée Chalamet, ', 'Rebecca Ferguson, ', 'Zendaya, ', 'Oscar Isaac', '']"
Meg 2: The Trench,"['Jason Statham, ', 'Jing Wu, ', 'Cliff Curtis, ', 'Sienna Guillory', '']"
NCIS: Naval Criminal Investigative Service,"['David McCallum, ', 'Sean Murray, ', 'Mark Harmon, ', 'Brian Dietzen', '']"
Mission: Impossible - Fallout,"['Tom Cruise, ', 'Henry Cavill, ', 'Ving Rhames, ', 'Simon Pegg', '']"
Shingeki no Kyojin,"['Josh Grelle, ', 'Bryce Papenbrook, ', 'Yûki Kaji, ', 'Yui Ishikawa', '']"
Extraction 2,"['Chris Hemsworth, ', 'Golshifteh Farahani, ', 'Adam Bessa, ', 'Tornike Gogrichiani', '']"
Mission: Impossible,"['Tom Cruise, ', 'Jon Voight, ', 'Emmanuelle Béart, ', 'Henry Czerny', '']"
Miraculous - Le film,"['Annouck Hautbois, ', 'Benjamin Bollen, ', 'Antoine Tomé, ', 'Fanny Bloc', '']"
Fear the Night,"['Maggie Q, ', 'Ito Aghayere, ', 'Philip Burke, ', 'James Carpinello', '']"
The Batman,"['Robert Pattinson, ', 'Zoë Kravitz, ', 'Jeffrey Wright, ', 'Colin Farrell', '']"
Top Gun: Maverick,"['Tom Cruise, ', 'Jennifer Connelly, ', 'Miles Teller, ', 'Val Kilmer', '']"
The Meg,"['Jason Statham, ', 'Bingbing Li, ', 'Rainn Wilson, ', 'Cliff Curtis', '']"
Gen V,"['Jaz Sinclair, ', 'Patrick Schwarzenegger, ', 'Chance Perdomo, ', 'Clancy Brown', '']"
Resident Evil: Death Island,"['Matthew Mercer, ', 'Nicole Tompkins, ', 'Kevin Dorman, ', 'Stephanie Panisello', '']"
Gran Turismo,"['David Harbour, ', 'Orlando Bloom, ', 'Darren Barnet, ', 'Djimon Hounsou', '']"
Sisu,"['Jorma Tommila, ', 'Aksel Hennie, ', 'Jack Doolan, ', 'Mimosa Willamo', '']"
House of the Dragon,"['Rhys Ifans, ', 'Matt Smith, ', 'Graham McTavish, ', 'Fabien Frankel', '']"
Fast X,"['Vin Diesel, ', 'Michelle Rodriguez, ', 'Jason Statham, ', 'Jordana Brewster', '']"
Reacher,"['Alan Ritchson, ', 'Malcolm Goodwin, ', 'Willa Fitzgerald, ', 'Hugh Thompson', '']"
Star Trek: Lower Decks,"['Tawny Newsome, ', 'Jack Quaid, ', 'Noël Wells, ', 'Eugene Cordero', '']"
Barry,"['Bill Hader, ', 'Stephen Root, ', 'Sarah Goldberg, ', 'Anthony Carrigan', '']"
"Ruby Gillman, Teenage Kraken","['Jane Fonda, ', 'Lana Condor, ', 'Toni Collette, ', 'Colman Domingo', '']"
Almost Paradise,"['Christian Kane, ', 'Samantha Richelle, ', 'Arthur Acuña, ', 'Nonie Buencamino', '']"
The Flash,"['Grant Gustin, ', 'Candice Patton, ', 'Danielle Panabaker, ', 'Carlos Valdes', '']"
Nimona,"['Chloë Grace Moretz, ', 'Riz Ahmed, ', 'Eugene Lee Yang, ', 'Frances Conroy', '']"
Vikings,"['Katheryn Winnick, ', 'Gustaf Skarsgård, ', 'Alexander Ludwig, ', 'Georgia Hirst', '']"
Dune: Part Two,"['Timothée Chalamet, ', 'Zendaya, ', 'Rebecca Ferguson, ', 'Josh Brolin', '']"
The Mandalorian,"['Pedro Pascal, ', 'Chris Bartlett, ', 'Katee Sackhoff, ', 'Carl Weathers', '']"
Paradise,"['Lisa-Marie Koroll, ', 'Dalila Abdallah, ', 'Numan Acar, ', 'Simon Amberger', '']"
The Night Agent,"['Gabriel Basso, ', 'Luciane Buchanan, ', 'Fola Evans-Akingbola, ', 'Sarah Desjardins', '']"
Justice League: Warworld,"['Jensen Ackles, ', 'Ike Amadi, ', 'Troy Baker, ', 'Matt Bomer', '']"
Mission: Impossible - Rogue Nation,"['Tom Cruise, ', 'Rebecca Ferguson, ', 'Jeremy Renner, ', 'Simon Pegg', '']"
The Dark Knight Rises,"['Christian Bale, ', 'Tom Hardy, ', 'Anne Hathaway, ', 'Gary Oldman', '']"
65,"['Adam Driver, ', 'Ariana Greenblatt, ', 'Chloe Coleman, ', 'Nika King', '']"
Napoleon,"['Vanessa Kirby, ', 'Joaquin Phoenix, ', 'Ben Miles, ', 'Ludivine Sagnier', '']"
Everything Everywhere All at Once,"['Michelle Yeoh, ', 'Stephanie Hsu, ', 'Jamie Lee Curtis, ', 'Ke Huy Quan', '']"
The Wheel of Time,"['Rosamund Pike, ', 'Daniel Henney, ', 'Madeleine Madden, ', 'Zoë Robins', '']"
Batman Begins,"['Christian Bale, ', 'Michael Caine, ', 'Ken Watanabe, ', 'Liam Neeson', '']"
The Channel,"['Clayne Crawford, ', 'Max Martini, ', 'Nicoye Banks, ', 'Juliene Joyner', '']"
My Adventures with Superman,"['Jack Quaid, ', 'Alice Lee, ', 'Ishmel Sahid, ', 'Darrell Brown', '']"
Nobody,"['Bob Odenkirk, ', 'Aleksey Serebryakov, ', 'Connie Nielsen, ', 'Christopher Lloyd', '']"
Mission: Impossible - Ghost Protocol,"['Tom Cruise, ', 'Jeremy Renner, ', 'Simon Pegg, ', 'Paula Patton', '']"
Blue Beetle,"['Susan Sarandon, ', 'Harvey Guillén, ', 'Xolo Maridueña, ', 'Becky G', '']"
Mission: Impossible III,"['Tom Cruise, ', 'Michelle Monaghan, ', 'Ving Rhames, ', 'Philip Seymour Hoffman', '']"
Blade Runner 2049,"['Harrison Ford, ', 'Ryan Gosling, ', 'Ana de Armas, ', 'Dave Bautista', '']"
Bullet Train,"['Brad Pitt, ', 'Joey King, ', 'Aaron Taylor-Johnson, ', 'Brian Tyree Henry', '']"
Titans,"['Brenton Thwaites, ', 'Anna Diop, ', 'Ryan Potter, ', 'Teagan Croft', '']"
Spider-Man: Into the Spider-Verse,"['Shameik Moore, ', 'Jake Johnson, ', 'Hailee Steinfeld, ', 'Mahershala Ali', '']"
The Dragon Prince,"['Paula Burrows, ', 'Jack De Sena, ', 'Sasha Rojen, ', 'Racquel Belmonte', '']"
Mission: Impossible II,"['Tom Cruise, ', 'Dougray Scott, ', 'Thandiwe Newton, ', 'Ving Rhames', '']"
Drive,"['Ryan Gosling, ', 'Carey Mulligan, ', 'Bryan Cranston, ', 'Albert Brooks', '']"
Raiders of the Lost Ark,"['Harrison Ford, ', 'Karen Allen, ', 'Paul Freeman, ', 'John Rhys-Davies', '']"
Harley Quinn,"['Kaley Cuoco, ', 'Lake Bell, ', 'Alan Tudyk, ', 'Ron Funches', '']"
Kimetsu no Yaiba,"['Natsuki Hanae, ', 'Zach Aguilar, ', 'Abby Trott, ', 'Akari Kitô', '']"
Star Trek: The Next Generation,"['Patrick Stewart, ', 'Brent Spiner, ', 'Jonathan Frakes, ', 'LeVar Burton', '']"
S.W.A.T.,"['Shemar Moore, ', 'Alex Russell, ', 'Kenny Johnson, ', 'Jay Harrington', '']"
Ahsoka,"['Rosario Dawson, ', 'Natasha Liu Bordizzo, ', 'Wes Chatham, ', 'Hayden Christensen', '']"
The Last Kingdom,"['Alexander Dreymon, ', 'Eliza Butterworth, ', 'Arnas Fedaravicius, ', 'Mark Rowley', '']"
God Is a Bullet,"['Maika Monroe, ', 'Nikolaj Coster-Waldau, ', 'Karl Glusman, ', 'January Jones', '']"
The Suicide Squad,"['Margot Robbie, ', 'Idris Elba, ', 'John Cena, ', 'Joel Kinnaman', '']"
Spider-Man: No Way Home,"['Tom Holland, ', 'Zendaya, ', 'Benedict Cumberbatch, ', 'Jacob Batalon', '']"
Borderlands,"['Ariana Greenblatt, ', 'Jamie Lee Curtis, ', 'Cate Blanchett, ', 'Jack Black', '']"
FUBAR,"['Arnold Schwarzenegger, ', 'Monica Barbaro, ', 'Milan Carter, ', 'Gabriel Luna', '']"
Prison Break,"['Dominic Purcell, ', 'Wentworth Miller, ', 'Amaury Nolasco, ', 'Robert Knepper', '']"
9/1/2001,"['Angela Bassett, ', 'Peter Krause, ', 'Oliver Stark, ', 'Aisha Hinds', '']"
Buffy the Vampire Slayer,"['Sarah Michelle Gellar, ', 'Nicholas Brendon, ', 'Alyson Hannigan, ', 'Anthony Head', '']"
The Hunger Games,"['Jennifer Lawrence, ', 'Josh Hutcherson, ', 'Liam Hemsworth, ', 'Stanley Tucci', '']"
The Creator,"['John David Washington, ', 'Gemma Chan, ', 'Allison Janney, ', 'Ralph Ineson', '']"
Top Gun,"['Tom Cruise, ', 'Tim Robbins, ', 'Kelly McGillis, ', 'Val Kilmer', '']"
Star Trek: Discovery,"['Sonequa Martin-Green, ', 'Doug Jones, ', 'Anthony Rapp, ', 'Emily Coutts', '']"
Smallville,"['Tom Welling, ', 'Michael Rosenbaum, ', 'Allison Mack, ', 'Kristin Kreuk', '']"
The Lord of the Rings: The Rings of Power,"['Morfydd Clark, ', 'Mike Wood, ', 'Ismael Cruz Cordova, ', 'Charlie Vickers', '']"
Avengers: Endgame,"['Robert Downey Jr., ', 'Chris Evans, ', 'Mark Ruffalo, ', 'Chris Hemsworth', '']"
Ant-Man and the Wasp: Quantumania,"['Paul Rudd, ', 'Evangeline Lilly, ', 'Michael Douglas, ', 'Michelle Pfeiffer', '']"
Misanthrope,"['Shailene Woodley, ', 'Ben Mendelsohn, ', 'Jovan Adepo, ', 'Ralph Ineson', '']"
Miraculous: Tales of Ladybug & Cat Noir,"['Cristina Valenzuela, ', 'Bryce Papenbrook, ', 'Keith Silverstein, ', 'Max Mittelman', '']"
The Nice Guys,"['Russell Crowe, ', 'Ryan Gosling, ', 'Angourie Rice, ', 'Matt Bomer', '']"
Bleach: Sennen Kessen-hen,"['Masakazu Morita, ', 'Johnny Yong Bosch, ', 'Takayuki Sugô, ', 'Richard Epcar', '']"
Heat,"['Al Pacino, ', 'Robert De Niro, ', 'Val Kilmer, ', 'Jon Voight', '']"
Kalki 2898-AD,"['Deepika Padukone, ', 'Disha Patani, ', 'Prabhas, ', 'Amitabh Bachchan', '']"
Kandahar,"['Tom Rhys Harries, ', 'Farhad Bagheri, ', 'Gerard Butler, ', 'Mitchell LaFortune', '']"
Chicago Fire,"['Taylor Kinney, ', 'Christian Stolte, ', 'Eamonn Walker, ', 'Joe Minoso', '']"
The Lord of the Rings: The Fellowship of the Ring,"['Elijah Wood, ', 'Ian McKellen, ', 'Orlando Bloom, ', 'Sean Bean', '']"
Bastille Day,"['Idris Elba, ', 'Richard Madden, ', 'Charlotte Le Bon, ', 'Kelly Reilly', '']"
Person of Interest,"['Jim Caviezel, ', 'Taraji P. Henson, ', 'Kevin Chapman, ', 'Michael Emerson', '']"
Star Trek,"['William Shatner, ', 'Leonard Nimoy, ', 'DeForest Kelley, ', 'Nichelle Nichols', '']"
Andor,"['Diego Luna, ', 'Kyle Soller, ', 'Stellan Skarsgård, ', ""Genevieve O'Reilly"", '']"
Cobra Kai,"['Ralph Macchio, ', 'William Zabka, ', 'Courtney Henggeler, ', 'Xolo Maridueña', '']"
Indiana Jones and the Last Crusade,"['Harrison Ford, ', 'Sean Connery, ', 'Alison Doody, ', 'Denholm Elliott', '']"
Banshee,"['Antony Starr, ', 'Ivana Milicevic, ', 'Ulrich Thomsen, ', 'Frankie Faison', '']"
Extraction,"['Chris Hemsworth, ', 'Bryon Lerum, ', 'Ryder Lerum, ', 'Rudhraksh Jaiswal', '']"
Suicide Squad,"['Will Smith, ', 'Jared Leto, ', 'Margot Robbie, ', 'Viola Davis', '']"
Shazam! Fury of the Gods,"['Zachary Levi, ', 'Asher Angel, ', 'Jack Dylan Grazer, ', 'Rachel Zegler', '']"
Transformers,"['Shia LaBeouf, ', 'Megan Fox, ', 'Josh Duhamel, ', 'Tyrese Gibson', '']"
Deadpool 3,"['Ryan Reynolds, ', 'Morena Baccarin, ', 'Matthew Macfadyen, ', 'Jennifer Garner', '']"
Gladiator,"['Russell Crowe, ', 'Joaquin Phoenix, ', 'Connie Nielsen, ', 'Oliver Reed', '']"
The Continental: From the World of John Wick,"['Mel Gibson, ', 'Colin Woodell, ', 'Nhung Kate, ', 'Katie McGrath', '']"
Black Adam,"['Dwayne Johnson, ', 'Aldis Hodge, ', 'Pierce Brosnan, ', 'Noah Centineo', '']"
La casa de papel,"['Úrsula Corberó, ', 'Álvaro Morte, ', 'Itziar Ituño, ', 'Pedro Alonso', '']"
Guardians of the Galaxy,"['Chris Pratt, ', 'Vin Diesel, ', 'Bradley Cooper, ', 'Zoe Saldana', '']"
Operation Fortune: Ruse de Guerre,"['Jason Statham, ', 'Aubrey Plaza, ', 'Cary Elwes, ', 'Hugh Grant', '']"
Star Trek: Deep Space Nine,"['Avery Brooks, ', 'Rene Auberjonois, ', 'Cirroc Lofton, ', 'Alexander Siddig', '']"
Expend4bles,"['Jason Statham, ', '50 Cent, ', 'Megan Fox, ', 'Dolph Lundgren', '']"
Ghosted,"['Chris Evans, ', 'Ana de Armas, ', 'Adrien Brody, ', 'Mike Moh', '']"
The Unbearable Weight of Massive Talent,"['Nicolas Cage, ', 'Pedro Pascal, ', 'Tiffany Haddish, ', 'Sharon Horgan', '']"
Man of Steel,"['Henry Cavill, ', 'Amy Adams, ', 'Michael Shannon, ', 'Diane Lane', '']"
Jurassic Park,"['Sam Neill, ', 'Laura Dern, ', 'Jeff Goldblum, ', 'Richard Attenborough', '']"
The Hunger Games: The Ballad of Songbirds and Snakes,"['Rachel Zegler, ', 'Jason Schwartzman, ', 'Peter Dinklage, ', 'Hunter Schafer', '']"
Arrow,"['Stephen Amell, ', 'Katie Cassidy, ', 'David Ramsey, ', 'Susanna Thompson', '']"
Star Trek: Picard,"['Patrick Stewart, ', 'Michelle Hurd, ', 'Jeri Ryan, ', 'Alison Pill', '']"
Mad Max: Fury Road,"['Tom Hardy, ', 'Charlize Theron, ', 'Nicholas Hoult, ', 'Zoë Kravitz', '']"
Pirates of the Caribbean: The Curse of the Black Pearl,"['Johnny Depp, ', 'Geoffrey Rush, ', 'Orlando Bloom, ', 'Keira Knightley', '']"
Zack Snyder's Justice League,"['Henry Cavill, ', 'Ben Affleck, ', 'Gal Gadot, ', 'Amy Adams', '']"
Venom: Let There Be Carnage,"['Tom Hardy, ', 'Woody Harrelson, ', 'Michelle Williams, ', 'Naomie Harris', '']"
Plane,"['Gerard Butler, ', 'Mike Colter, ', 'Tony Goldwyn, ', 'Yoson An', '']"
Indiana Jones and the Temple of Doom,"['Harrison Ford, ', 'Kate Capshaw, ', 'Ke Huy Quan, ', 'Amrish Puri', '']"
Agents of S.H.I.E.L.D.,"['Clark Gregg, ', 'Ming-Na Wen, ', 'Brett Dalton, ', 'Iain De Caestecker', '']"
Superman & Lois,"['Tyler Hoechlin, ', 'Elizabeth Tulloch, ', 'Alex Garfin, ', 'Erik Valdez', '']"
Avatar,"['Sam Worthington, ', 'Zoe Saldana, ', 'Sigourney Weaver, ', 'Michelle Rodriguez', '']"
The Umbrella Academy,"['Aidan Gallagher, ', 'Elliot Page, ', 'Tom Hopper, ', 'David Castañeda', '']"
The Gray Man,"['Ryan Gosling, ', 'Chris Evans, ', 'Ana de Armas, ', 'Billy Bob Thornton', '']"
John Wick,"['Keanu Reeves, ', 'Michael Nyqvist, ', 'Alfie Allen, ', 'Willem Dafoe', '']"
The Matrix,"['Keanu Reeves, ', 'Laurence Fishburne, ', 'Carrie-Anne Moss, ', 'Hugo Weaving', '']"
Loki,"['Tom Hiddleston, ', 'Owen Wilson, ', 'Eugene Cordero, ', 'Gugu Mbatha-Raw', '']"
The Killer,"['Michael Fassbender, ', 'Tilda Swinton, ', 'Charles Parnell, ', 'Monique Ganderton', '']"
Hawaii Five-0,"[""Alex O'Loughlin, "", 'Scott Caan, ', 'Taylor Wily, ', 'Daniel Dae Kim', '']"
Immortals,"['Henry Cavill, ', 'Mickey Rourke, ', 'John Hurt, ', 'Stephen Dorff', '']"
Aliens,"['Sigourney Weaver, ', 'Michael Biehn, ', 'Carrie Henn, ', 'Paul Reiser', '']"
Spartacus: Blood and Sand,"['Andy Whitfield, ', 'Lucy Lawless, ', 'Manu Bennett, ', 'Daniel Feuerriegel', '']"
Outer Banks,"['Chase Stokes, ', 'Madelyn Cline, ', 'Madison Bailey, ', 'J.D.', '']"
Star Trek: Voyager,"['Kate Mulgrew, ', 'Robert Beltran, ', 'Roxann Dawson, ', 'Robert Duncan McNeill', '']"
Spider-Man,"['Tobey Maguire, ', 'Kirsten Dunst, ', 'Willem Dafoe, ', 'James Franco', '']"
Arcane: League of Legends,"['Hailee Steinfeld, ', 'Kevin Alejandro, ', 'Jason Spisak, ', 'Terri Douglas', '']"
The Equalizer 3,"['Denzel Washington, ', 'Dakota Fanning, ', 'David Denman, ', 'Sonia Ammar', '']"
Avatar: The Last Airbender,"['Dee Bradley Baker, ', 'Zach Tyler Eisen, ', 'Mae Whitman, ', 'Jack De Sena', '']"
Watchmen,"['Jackie Earle Haley, ', 'Patrick Wilson, ', 'Carla Gugino, ', 'Malin Akerman', '']"
Léon,"['Jean Reno, ', 'Gary Oldman, ', 'Natalie Portman, ', 'Danny Aiello', '']"
9-1-1: Lone Star,"['Rob Lowe, ', 'Ronen Rubinstein, ', 'Sierra Aylina McClain, ', 'Jim Parrack', '']"
Terminator 2: Judgment Day,"['Arnold Schwarzenegger, ', 'Linda Hamilton, ', 'Edward Furlong, ', 'Robert Patrick', '']"
Chicago P.D.,"['Jason Beghe, ', 'Patrick John Flueger, ', 'Marina Squerciati, ', 'LaRoyce Hawkins', '']"
SEAL Team,"['David Boreanaz, ', 'Neil Brown Jr., ', 'A.J. Buckley, ', 'Toni Trucks', '']"
Citadel,"['Richard Madden, ', 'Priyanka Chopra Jonas, ', 'Stanley Tucci, ', 'Lesley Manville', '']"
Vinland Saga,"['Yûto Uemura, ', 'Mike Haimoto, ', 'Alejandro Saab, ', 'Aleks Le', '']"
See,"['Jason Momoa, ', 'Sylvia Hoeks, ', 'Hera Hilmar, ', 'Christian Camargo', '']"
24,"['Kiefer Sutherland, ', 'Mary Lynn Rajskub, ', 'Carlos Bernard, ', 'Dennis Haysbert', '']"
Oldeuboi,"['Choi Min-sik, ', 'Yoo Ji-tae, ', 'Kang Hye-jeong, ', 'Kim Byeong-Ok', '']"
The Gentlemen,"['Matthew McConaughey, ', 'Charlie Hunnam, ', 'Michelle Dockery, ', 'Jeremy Strong', '']"
Avengers: Infinity War,"['Robert Downey Jr., ', 'Chris Hemsworth, ', 'Mark Ruffalo, ', 'Chris Evans', '']"
1917,"['Dean-Charles Chapman, ', 'George MacKay, ', 'Daniel Mays, ', 'Colin Firth', '']"
Im Westen nichts Neues,"['Felix Kammerer, ', 'Albrecht Schuch, ', 'Aaron Hilmer, ', 'Moritz Klaus', '']"
The Night Manager,"['Aditya Roy Kapoor, ', 'Anil Kapoor, ', 'Sobhita Dhulipala, ', 'Tillotama Shome', '']"
Sicario,"['Emily Blunt, ', 'Josh Brolin, ', 'Benicio Del Toro, ', 'Jon Bernthal', '']"
Thor: Love and Thunder,"['Chris Hemsworth, ', 'Natalie Portman, ', 'Christian Bale, ', 'Tessa Thompson', '']"
Stargate SG-1,"['Richard Dean Anderson, ', 'Michael Shanks, ', 'Amanda Tapping, ', 'Christopher Judge', '']"
No Time to Die,"['Daniel Craig, ', 'Ana de Armas, ', 'Rami Malek, ', 'Léa Seydoux', '']"
Shadow and Bone,"['Jessie Mei Li, ', 'Ben Barnes, ', 'Archie Renaux, ', 'Freddy Carter', '']"
Blade Runner,"['Harrison Ford, ', 'Rutger Hauer, ', 'Sean Young, ', 'Edward James Olmos', '']"
The Lord of the Rings: The Return of the King,"['Elijah Wood, ', 'Viggo Mortensen, ', 'Ian McKellen, ', 'Orlando Bloom', '']"
The Revenant,"['Leonardo DiCaprio, ', 'Tom Hardy, ', 'Will Poulter, ', 'Domhnall Gleeson', '']"
Star Wars: Rebels,"['Dave Filoni, ', 'Taylor Gray, ', 'Freddie Prinze Jr., ', 'Vanessa Marshall', '']"
Indiana Jones and the Kingdom of the Crystal Skull,"['Harrison Ford, ', 'Cate Blanchett, ', 'Shia LaBeouf, ', 'Karen Allen', '']"
Sympathy for the Devil,"['Nicolas Cage, ', 'Joel Kinnaman, ', 'Alexis Zollicoffer, ', 'Cameron Lee Price', '']"
The Flood,"['Nicky Whelan, ', 'Casper Van Dien, ', 'Louis Mandylor, ', 'Devanny Pinn', '']"
Dune,"['Kyle MacLachlan, ', 'Virginia Madsen, ', 'Francesca Annis, ', 'Leonardo Cimino', '']"
Ojing-eo geim,"['Lee Jung-jae, ', 'Park Hae-soo, ', 'Yasushi Iwaki, ', 'Hoyeon', '']"
Tropic Thunder,"['Ben Stiller, ', 'Jack Black, ', 'Robert Downey Jr., ', 'Jeff Kahn', '']"
The Northman,"['Alexander Skarsgård, ', 'Nicole Kidman, ', 'Claes Bang, ', 'Ethan Hawke', '']"
Edge of Tomorrow,"['Tom Cruise, ', 'Emily Blunt, ', 'Bill Paxton, ', 'Brendan Gleeson', '']"
Star Wars: The Clone Wars,"['Tom Kane, ', 'Dee Bradley Baker, ', 'Matt Lanter, ', 'James Arnold Taylor', '']"
The Terminator,"['Arnold Schwarzenegger, ', 'Linda Hamilton, ', 'Michael Biehn, ', 'Paul Winfield', '']"
Knights of the Zodiac,"['Mackenyu, ', 'Famke Janssen, ', 'Madison Iseman, ', 'Diego Tinoco', '']"
Daredevil,"['Charlie Cox, ', ""Vincent D'Onofrio, "", 'Deborah Ann Woll, ', 'Elden Henson', '']"
Mission: Impossible - Dead Reckoning Part Two,"['Hayley Atwell, ', 'Rebecca Ferguson, ', 'Tom Cruise, ', 'Pom Klementieff', '']"
Jumanji: Welcome to the Jungle,"['Dwayne Johnson, ', 'Karen Gillan, ', 'Kevin Hart, ', 'Jack Black', '']"
Pirates of the Caribbean: Dead Men Tell No Tales,"['Johnny Depp, ', 'Geoffrey Rush, ', 'Javier Bardem, ', 'Orlando Bloom', '']"
Transformers: The Last Knight,"['Mark Wahlberg, ', 'Anthony Hopkins, ', 'Josh Duhamel, ', 'Laura Haddock', '']"
Deadpool,"['Ryan Reynolds, ', 'Morena Baccarin, ', 'T.J. Miller, ', 'Ed Skrein', '']"
Zom 100: Zombie ni Naru made ni Shitai 100 no Koto,"['Shuichiro Umeda, ', 'Zeno Robinson, ', 'Makoto Furukawa, ', 'Kenta Miyake', '']"
Man on Fire,"['Denzel Washington, ', 'Christopher Walken, ', 'Dakota Fanning, ', 'Radha Mitchell', '']"
Naruto,"['Junko Takeuchi, ', 'Maile Flanagan, ', 'Kate Higgins, ', 'Chie Nakamura', '']"
The Punisher,"['Jon Bernthal, ', 'Amber Rose Revah, ', 'Ben Barnes, ', 'Jason R. Moore', '']"
Primal,"['Aaron LaPlante, ', 'Laëtitia Eïdo, ', 'Fred Tatasciore, ', 'Imari Williams', '']"
"Love, Death & Robots","['Fred Tatasciore, ', 'Scott Whyte, ', 'Nolan North, ', 'Noshir Dalal', '']"
Alita: Battle Angel,"['Rosa Salazar, ', 'Christoph Waltz, ', 'Jennifer Connelly, ', 'Mahershala Ali', '']"
Ford v Ferrari,"['Matt Damon, ', 'Christian Bale, ', 'Jon Bernthal, ', 'Caitríona Balfe', '']"
Teenage Mutant Ninja Turtles,"['Judith Hoag, ', 'Elias Koteas, ', 'Josh Pais, ', 'David Forman', '']"
Peacemaker,"['John Cena, ', 'Danielle Brooks, ', 'Freddie Stroma, ', 'Jennifer Holland', '']"
Venom,"['Tom Hardy, ', 'Michelle Williams, ', 'Riz Ahmed, ', 'Scott Haze', '']"
Hypnotic,"['Ben Affleck, ', 'Alice Braga, ', 'JD Pardo, ', 'Dayo Okeniyi', '']"
FBI,"['Missy Peregrym, ', 'Zeeko Zaki, ', 'Jeremy Sisto, ', 'Alana De La Garza', '']"
Chuck,"['Zachary Levi, ', 'Yvonne Strahovski, ', 'Joshua Gomez, ', 'Vik Sahay', '']"
Designated Survivor,"['Kiefer Sutherland, ', 'Adan Canto, ', 'Italia Ricci, ', 'Kal Penn', '']"
The Old Man,"['Jeff Bridges, ', 'John Lithgow, ', 'E.J. Bonilla, ', 'Bill Heck', '']"
Kingudamu,"['Kento Yamazaki, ', 'Ryô Yoshizawa, ', 'Masami Nagasawa, ', 'Kanna Hashimoto', '']"
Kingsman: The Secret Service,"['Colin Firth, ', 'Taron Egerton, ', 'Samuel L. Jackson, ', 'Michael Caine', '']"
Star Wars,"['Mark Hamill, ', 'Harrison Ford, ', 'Carrie Fisher, ', 'Alec Guinness', '']"
Mushoku-tensei ~Isekai ittara honki dasu~,"['Yumi Uchiyama, ', 'Tomokazu Sugita, ', 'Amber Lee Connors, ', 'Ai Kakuma', '']"
Captain America: The First Avenger,"['Chris Evans, ', 'Hugo Weaving, ', 'Samuel L. Jackson, ', 'Hayley Atwell', '']"
Jurassic World: Dominion,"['Chris Pratt, ', 'Bryce Dallas Howard, ', 'Laura Dern, ', 'Sam Neill', '']"
The Terminal List,"['Chris Pratt, ', 'Constance Wu, ', 'Taylor Kitsch, ', 'Riley Keough', '']"
In Time,"['Justin Timberlake, ', 'Amanda Seyfried, ', 'Cillian Murphy, ', 'Olivia Wilde', '']"
Deep Blue Sea,"['Thomas Jane, ', 'Saffron Burrows, ', 'Samuel L. Jackson, ', 'Jacqueline McKenzie', '']"
Captain Marvel,"['Brie Larson, ', 'Samuel L. Jackson, ', 'Ben Mendelsohn, ', 'Jude Law', '']"
Baywatch,"['David Hasselhoff, ', 'Pamela Anderson, ', 'Yasmine Bleeth, ', 'Jeremy Jackson', '']"
Kraven the Hunter,"['Aaron Taylor-Johnson, ', 'Russell Crowe, ', 'Christopher Abbott, ', 'Ariana DeBose', '']"
Doctor Strange in the Multiverse of Madness,"['Benedict Cumberbatch, ', 'Elizabeth Olsen, ', 'Chiwetel Ejiofor, ', 'Benedict Wong', '']"
Guardians of the Galaxy Vol. 2,"['Chris Pratt, ', 'Zoe Saldana, ', 'Dave Bautista, ', 'Vin Diesel', '']"
Ready or Not,"['Samara Weaving, ', 'Adam Brody, ', ""Mark O'Brien, "", 'Henry Czerny', '']"
Black Panther: Wakanda Forever,"['Letitia Wright, ', ""Lupita Nyong'o, "", 'Danai Gurira, ', 'Winston Duke', '']"
NCIS: Los Angeles,"[""Chris O'Donnell, "", 'Daniela Ruah, ', 'LL Cool J, ', 'Eric Christian Olsen', '']"
The Mummy,"['Brendan Fraser, ', 'Rachel Weisz, ', 'John Hannah, ', 'Arnold Vosloo', '']"
The Witcher: Blood Origin,"['Sophia Brown, ', ""Laurence O'Fuarain, "", 'Mirren Mack, ', 'Lenny Henry', '']"
Starship Troopers,"['Casper Van Dien, ', 'Denise Richards, ', 'Dina Meyer, ', 'Jake Busey', '']"
Adventure Time,"['John DiMaggio, ', 'Jeremy Shada, ', 'Tom Kenny, ', 'Hynden Walch', '']"
300,"['Gerard Butler, ', 'Lena Headey, ', 'David Wenham, ', 'Dominic West', '']"
Archer,"['H. Jon Benjamin, ', 'Judy Greer, ', 'Amber Nash, ', 'Chris Parnell', '']"
The Equalizer,"['Denzel Washington, ', 'Marton Csokas, ', 'Chloë Grace Moretz, ', 'David Harbour', '']"
Kingdom of Heaven,"['Orlando Bloom, ', 'Eva Green, ', 'Liam Neeson, ', 'Martin Hancock', '']"
Black Widow,"['Scarlett Johansson, ', 'Florence Pugh, ', 'David Harbour, ', 'Rachel Weisz', '']"
The Baker,"['Ron Perlman, ', 'Elias Koteas, ', 'Harvey Keitel, ', 'Joel David Moore', '']"
Batman,"['Michael Keaton, ', 'Jack Nicholson, ', 'Kim Basinger, ', 'Robert Wuhl', '']"
Transformers: Age of Extinction,"['Mark Wahlberg, ', 'Nicola Peltz Beckham, ', 'Jack Reynor, ', 'Stanley Tucci', '']"
Uncharted,"['Tom Holland, ', 'Mark Wahlberg, ', 'Antonio Banderas, ', 'Sophia Ali', '']"
Iron Man,"['Robert Downey Jr., ', 'Gwyneth Paltrow, ', 'Terrence Howard, ', 'Jeff Bridges', '']"
The Recruit,"['Noah Centineo, ', 'Fivel Stewart, ', 'Laura Haddock, ', 'Aarti Mann', '']"
Spider-Man: Homecoming,"['Tom Holland, ', 'Michael Keaton, ', 'Robert Downey Jr., ', 'Marisa Tomei', '']"
Pathaan,"['Shah Rukh Khan, ', 'Deepika Padukone, ', 'John Abraham, ', 'Dimple Kapadia', '']"
Birds of Prey and the Fantabulous Emancipation of One Harley Quinn,"['Margot Robbie, ', 'Rosie Perez, ', 'Mary Elizabeth Winstead, ', 'Jurnee Smollett', '']"
Deadpool 2,"['Ryan Reynolds, ', 'Josh Brolin, ', 'Morena Baccarin, ', 'Julian Dennison', '']"
Batman v Superman: Dawn of Justice,"['Ben Affleck, ', 'Henry Cavill, ', 'Amy Adams, ', 'Jesse Eisenberg', '']"
Naruto: Shippûden,"['Alexandre Crepet, ', 'Junko Takeuchi, ', 'Maile Flanagan, ', 'Kate Higgins', '']"
Kill Bill: Vol. 1,"['Uma Thurman, ', 'David Carradine, ', 'Daryl Hannah, ', 'Michael Madsen', '']"
Road House,"['Patrick Swayze, ', 'Kelly Lynch, ', 'Sam Elliott, ', 'Ben Gazzara', '']"
Baby Driver,"['Ansel Elgort, ', 'Jon Bernthal, ', 'Jon Hamm, ', 'Eiza González', '']"
Teen Wolf,"['Tyler Posey, ', 'Holland Roden, ', ""Dylan O'Brien, "", 'Linden Ashby', '']"
Gotham,"['Ben McKenzie, ', 'Jada Pinkett Smith, ', 'Donal Logue, ', 'Camren Bicondova', '']"
Rebel Moon,"['Sofia Boutella, ', 'Charlie Hunnam, ', 'Cary Elwes, ', 'Jena Malone', '']"
Baywatch,"['Dwayne Johnson, ', 'Zac Efron, ', 'Alexandra Daddario, ', 'Priyanka Chopra Jonas', '']"
Dragged Across Concrete,"['Mel Gibson, ', 'Vince Vaughn, ', 'Tory Kittles, ', 'Michael Jai White', '']"
Star Trek,"['Chris Pine, ', 'Zachary Quinto, ', 'Simon Pegg, ', 'Leonard Nimoy', '']"
Hanma Baki: Son of Ogre,"['Bill Butts, ', 'Nobunaga Shimazaki, ', 'Troy Baker, ', 'Ray Chase', '']"
Never Say Never Again,"['Sean Connery, ', 'Kim Basinger, ', 'Klaus Maria Brandauer, ', 'Max von Sydow', '']"
World War Z,"['Brad Pitt, ', 'Mireille Enos, ', 'Daniella Kertesz, ', 'James Badge Dale', '']"
WandaVision,"['Elizabeth Olsen, ', 'Paul Bettany, ', 'Kathryn Hahn, ', 'Teyonah Parris', '']"
The Machine,"['Bert Kreischer, ', 'Mark Hamill, ', 'Jimmy Tatro, ', 'Iva Babic', '']"
A View to a Kill,"['Roger Moore, ', 'Christopher Walken, ', 'Tanya Roberts, ', 'Grace Jones', '']"
Mission: Impossible,"['Peter Graves, ', 'Barbara Bain, ', 'Greg Morris, ', 'Peter Lupus', '']"
Free Guy,"['Ryan Reynolds, ', 'Jodie Comer, ', 'Taika Waititi, ', 'Lil Rel Howery', '']"
Ghostbusters,"['Bill Murray, ', 'Dan Aykroyd, ', 'Sigourney Weaver, ', 'Harold Ramis', '']"
Halo,"['Pablo Schreiber, ', 'Shabana Azmi, ', 'Natasha Culzac, ', 'Olive Gray', '']"
RRR (Rise Roar Revolt),"['N.T. Rama Rao Jr., ', 'Ram Charan, ', 'Ajay Devgn, ', 'Alia Bhatt', '']"
Sweet Tooth,"['Nonso Anozie, ', 'Christian Convery, ', 'Adeel Akhtar, ', 'Stefania LaVie Owen', '']"
Batman & Robin,"['Arnold Schwarzenegger, ', 'George Clooney, ', ""Chris O'Donnell, "", 'Uma Thurman', '']"
Station 19,"['Jaina Lee Ortiz, ', 'Jason George, ', 'Grey Damon, ', 'Barrett Doss', '']"
The Avengers,"['Robert Downey Jr., ', 'Chris Evans, ', 'Scarlett Johansson, ', 'Jeremy Renner', '']"
From Dusk Till Dawn,"['Harvey Keitel, ', 'George Clooney, ', 'Juliette Lewis, ', 'Quentin Tarantino', '']"
Ready Player One,"['Tye Sheridan, ', 'Olivia Cooke, ', 'Ben Mendelsohn, ', 'Lena Waithe', '']"
Supergirl,"['Melissa Benoist, ', 'Chyler Leigh, ', 'David Harewood, ', 'Katie McGrath', '']"
Alice in Borderland,"['Kento Yamazaki, ', 'Tao Tsuchiya, ', 'Nijirô Murakami, ', 'Eleanor Noble', '']"
Justice League,"['Ben Affleck, ', 'Gal Gadot, ', 'Jason Momoa, ', 'Ezra Miller', '']"
Longmire,"['Robert Taylor, ', 'Katee Sackhoff, ', 'Lou Diamond Phillips, ', 'Cassidy Freeman', '']"
The Woman King,"['Viola Davis, ', 'Thuso Mbedu, ', 'Lashana Lynch, ', 'Sheila Atim', '']"
Thor: Ragnarok,"['Chris Hemsworth, ', 'Tom Hiddleston, ', 'Cate Blanchett, ', 'Mark Ruffalo', '']"
Aquaman and the Lost Kingdom,"['Jason Momoa, ', 'Ben Affleck, ', 'Patrick Wilson, ', 'Yahya Abdul-Mateen II', '']"
Spy,"['Nikhil Siddharth, ', 'Iswarya Menon, ', 'Aryan Rajesh, ', 'Abhinav Gomatam', '']"
American Sniper,"['Bradley Cooper, ', 'Sienna Miller, ', 'Kyle Gallner, ', 'Cole Konis', '']"
Rome,"['Kevin McKidd, ', 'Ray Stevenson, ', 'Polly Walker, ', 'Kerry Condon', '']"
She-Hulk: Attorney at Law,"['Tatiana Maslany, ', 'Ginger Gonzaga, ', 'Malia Arrayah, ', 'Jameela Jamil', '']"
Bumblebee,"['Hailee Steinfeld, ', 'Jorge Lendeborg Jr., ', 'John Cena, ', 'Jason Drucker', '']"
The Mother,"['Jennifer Lopez, ', 'Lucy Paez, ', 'Omari Hardwick, ', 'Joseph Fiennes', '']"
Die Hard,"['Bruce Willis, ', 'Alan Rickman, ', 'Bonnie Bedelia, ', 'Reginald VelJohnson', '']"
John Wick: Chapter 3 - Parabellum,"['Keanu Reeves, ', 'Halle Berry, ', 'Ian McShane, ', 'Laurence Fishburne', '']"
Black Hawk Down,"['Josh Hartnett, ', 'Ewan McGregor, ', 'Tom Sizemore, ', 'Eric Bana', '']"
Jack Reacher,"['Tom Cruise, ', 'Rosamund Pike, ', 'Richard Jenkins, ', 'Werner Herzog', '']"
Bleach: Burîchi,"['Johnny Yong Bosch, ', 'Michelle Ruff, ', 'Stephanie Sheh, ', 'Jamieson Price', '']"
Pearl Harbor,"['Ben Affleck, ', 'Kate Beckinsale, ', 'Josh Hartnett, ', 'William Lee Scott', '']"
The Day After Tomorrow,"['Dennis Quaid, ', 'Jake Gyllenhaal, ', 'Emmy Rossum, ', 'Dash Mihok', '']"
Walker,"['Jared Padalecki, ', 'Molly Hagan, ', 'Keegan Allen, ', 'Violet Brinson', '']"
RoboCop,"['Peter Weller, ', 'Nancy Allen, ', ""Dan O'Herlihy, "", 'Ronny Cox', '']"
Hunter x Hunter,"['Issei Futamata, ', 'Megumi Han, ', 'Cristina Valenzuela, ', 'Mariya Ise', '']"
Les trois mousquetaires: D'Artagnan,"['François Civil, ', 'Vincent Cassel, ', 'Romain Duris, ', 'Pio Marmaï', '']"
Poker Face,"['Russell Crowe, ', 'Liam Hemsworth, ', 'RZA, ', 'Aden Young', '']"
Rabbit Hole,"['Kiefer Sutherland, ', 'Meta Golding, ', 'Enid Graham, ', 'Rob Yang', '']"
Eternals,"['Gemma Chan, ', 'Richard Madden, ', 'Angelina Jolie, ', 'Salma Hayek', '']"
Checkmate,"['Harsh Beniwal, ', 'Mohit Chhikara, ', 'Aditya Paul, ', 'Vishal Vashishtha', '']"
Teenage Mutant Ninja Turtles,"['Megan Fox, ', 'Will Arnett, ', 'William Fichtner, ', 'Noel Fisher', '']"
Killing Eve,"['Jodie Comer, ', 'Sandra Oh, ', 'Fiona Shaw, ', 'Kim Bodnia', '']"
Prey,"['Amber Midthunder, ', 'Dakota Beavers, ', 'Dane DiLiegro, ', 'Stormee Kipp', '']"
Boku no hîrô akademia,"['Daiki Yamashita, ', 'Justin Briner, ', 'Nobuhiko Okamoto, ', 'Clifford Chapin', '']"
The Fall Guy,"['Ryan Gosling, ', 'Emily Blunt, ', 'Hannah Waddingham, ', 'Aaron Taylor-Johnson', '']"
The Fifth Element,"['Bruce Willis, ', 'Milla Jovovich, ', 'Gary Oldman, ', 'Ian Holm', '']"
Shang-Chi and the Legend of the Ten Rings,"['Simu Liu, ', 'Awkwafina, ', 'Tony Leung Chiu-wai, ', 'Ben Kingsley', '']"
Independence Day,"['Will Smith, ', 'Bill Pullman, ', 'Jeff Goldblum, ', 'Mary McDonnell', '']"
Fury,"['Brad Pitt, ', 'Shia LaBeouf, ', 'Logan Lerman, ', 'Michael Peña', '']"
Castlevania,"['Richard Armitage, ', 'James Callis, ', 'Alejandra Reynoso, ', 'Theo James', '']"
Gladiator 2,"['Pedro Pascal, ', 'Denzel Washington, ', 'Connie Nielsen, ', 'Paul Mescal', '']"
Logan,"['Hugh Jackman, ', 'Patrick Stewart, ', 'Dafne Keen, ', 'Boyd Holbrook', '']"
Enterprise,"['Scott Bakula, ', 'John Billingsley, ', 'Jolene Blalock, ', 'Dominic Keating', '']"
The Predator,"['Boyd Holbrook, ', 'Trevante Rhodes, ', 'Jacob Tremblay, ', 'Keegan-Michael Key', '']"
Wrath of Man,"['Jason Statham, ', 'Holt McCallany, ', 'Josh Hartnett, ', 'Rocci Boy Williams', '']"
Pixels,"['Adam Sandler, ', 'Kevin James, ', 'Michelle Monaghan, ', 'Peter Dinklage', '']"
Hot Fuzz,"['Simon Pegg, ', 'Nick Frost, ', 'Martin Freeman, ', 'Bill Nighy', '']"
Black Clover,"['Dallas Reid, ', 'Jill Harris, ', 'Cris George, ', 'Christopher Sabat', '']"
Batman Forever,"['Val Kilmer, ', 'Tommy Lee Jones, ', 'Jim Carrey, ', 'Nicole Kidman', '']"
The Lost City,"['Sandra Bullock, ', 'Channing Tatum, ', 'Daniel Radcliffe, ', ""Da'Vine Joy Randolph"", '']"
The Count of Monte Cristo,"['Jim Caviezel, ', 'Guy Pearce, ', 'Christopher Adamson, ', 'JB Blanc', '']"
Battleship,"['Alexander Skarsgård, ', 'Brooklyn Decker, ', 'Liam Neeson, ', 'Rihanna', '']"
Apocalypto,"['Gerardo Taracena, ', 'Raoul Max Trujillo, ', 'Dalia Hernández, ', 'Rudy Youngblood', '']"
The Commuter,"['Liam Neeson, ', 'Vera Farmiga, ', 'Patrick Wilson, ', 'Jonathan Banks', '']"
The Last Duel,"['Matt Damon, ', 'Adam Driver, ', 'Jodie Comer, ', 'Harriet Walter', '']"
The Karate Kid,"['Ralph Macchio, ', 'Pat Morita, ', 'Elisabeth Shue, ', 'Martin Kove', '']"
Scott Pilgrim vs. the World,"['Michael Cera, ', 'Mary Elizabeth Winstead, ', 'Kieran Culkin, ', 'Anna Kendrick', '']"
Superman: Legacy,"['Isabela Merced, ', 'Rachel Brosnahan, ', 'Nathan Fillion, ', 'David Corenswet', '']"
The Wrath of Becky,"['Lulu Wilson, ', 'Seann William Scott, ', 'Denise Burse, ', 'Jill Larson', '']"
The Hunger Games: Catching Fire,"['Jennifer Lawrence, ', 'Josh Hutcherson, ', 'Liam Hemsworth, ', 'Philip Seymour Hoffman', '']"
The Lord of the Rings: The Two Towers,"['Elijah Wood, ', 'Ian McKellen, ', 'Viggo Mortensen, ', 'Orlando Bloom', '']"
Ambulance,"['Jake Gyllenhaal, ', 'Yahya Abdul-Mateen II, ', 'Eiza González, ', 'Garret Dillahunt', '']"
Divergent,"['Shailene Woodley, ', 'Theo James, ', 'Kate Winslet, ', 'Jai Courtney', '']"
Gods of Egypt,"['Brenton Thwaites, ', 'Nikolaj Coster-Waldau, ', 'Gerard Butler, ', 'Chadwick Boseman', '']"
Kick-Ass,"['Aaron Taylor-Johnson, ', 'Nicolas Cage, ', 'Chloë Grace Moretz, ', 'Garrett M. Brown', '']"
Transformers: Revenge of the Fallen,"['Shia LaBeouf, ', 'Megan Fox, ', 'Josh Duhamel, ', 'Tyrese Gibson', '']"
John Wick: Chapter 2,"['Keanu Reeves, ', 'Riccardo Scamarcio, ', 'Ian McShane, ', 'Ruby Rose', '']"
Thor,"['Chris Hemsworth, ', 'Anthony Hopkins, ', 'Natalie Portman, ', 'Tom Hiddleston', '']"
Transformers: Dark of the Moon,"['Shia LaBeouf, ', 'Rosie Huntington-Whiteley, ', 'Tyrese Gibson, ', 'Josh Duhamel', '']"
Suzume no Tojimari,"['Nanoka Hara, ', 'Hokuto Matsumura, ', 'Eri Fukatsu, ', 'Shôta Sometani', '']"
Men in Black,"['Tommy Lee Jones, ', 'Will Smith, ', 'Linda Fiorentino, ', ""Vincent D'Onofrio"", '']"
Death Proof,"['Kurt Russell, ', 'Zoë Bell, ', 'Rosario Dawson, ', 'Vanessa Ferlito', '']"
Battlestar Galactica,"['Edward James Olmos, ', 'Mary McDonnell, ', 'Jamie Bamber, ', 'James Callis', '']"
Vikings: Valhalla,"['Sam Corlett, ', 'Leo Suter, ', 'Paddy Hogan, ', 'Frida Gustavsson', '']"
Moon Knight,"['Oscar Isaac, ', 'Ethan Hawke, ', 'May Calamawy, ', 'Michael Benjamin Hernandez', '']"
Alias,"['Jennifer Garner, ', 'Ron Rifkin, ', 'Carl Lumbly, ', 'Kevin Weisman', '']"
Knight and Day,"['Tom Cruise, ', 'Cameron Diaz, ', 'Peter Sarsgaard, ', 'Jordi Mollà', '']"
The Legend of Tarzan,"['Alexander Skarsgård, ', 'Rory J Saper, ', 'Christian Stevens, ', 'Christoph Waltz', '']"
The Warriors,"['Michael Beck, ', 'James Remar, ', 'Dorsey Wright, ', 'Brian Tyler', '']"
The Fast and the Furious,"['Vin Diesel, ', 'Paul Walker, ', 'Michelle Rodriguez, ', 'Jordana Brewster', '']"
Rogue One,"['Felicity Jones, ', 'Diego Luna, ', 'Alan Tudyk, ', 'Donnie Yen', '']"
Percy Jackson and the Olympians,"['Walker Scobell, ', 'Leah Jeffries, ', 'Aryan Simhadri, ', 'Threnody Tsai', '']"
The Incredibles,"['Craig T. Nelson, ', 'Samuel L. Jackson, ', 'Holly Hunter, ', 'Jason Lee', '']"
Legion,"['Dan Stevens, ', 'Rachel Keller, ', 'Aubrey Plaza, ', 'Bill Irwin', '']"
Wonder Woman,"['Gal Gadot, ', 'Chris Pine, ', 'Robin Wright, ', 'Lucy Davis', '']"
Armageddon,"['Bruce Willis, ', 'Billy Bob Thornton, ', 'Ben Affleck, ', 'Liv Tyler', '']"
The Great Raid,"['Benjamin Bratt, ', 'Joseph Fiennes, ', 'James Franco, ', 'Robert Mammone', '']"
Ender's Game,"['Harrison Ford, ', 'Asa Butterfield, ', 'Hailee Steinfeld, ', 'Abigail Breslin', '']"
CSI: Miami,"['David Caruso, ', 'Emily Procter, ', 'Adam Rodriguez, ', 'Rex Linn', '']"
The Blues Brothers,"['John Belushi, ', 'Dan Aykroyd, ', 'Cab Calloway, ', 'John Candy', '']"
Migration,"['Elizabeth Banks, ', 'Carol Kane, ', 'Awkwafina, ', 'Danny DeVito', '']"
Jurassic World,"['Chris Pratt, ', 'Bryce Dallas Howard, ', 'Ty Simpkins, ', 'Judy Greer', '']"
GoldenEye,"['Pierce Brosnan, ', 'Sean Bean, ', 'Izabella Scorupco, ', 'Famke Janssen', '']"
Predator,"['Arnold Schwarzenegger, ', 'Carl Weathers, ', 'Kevin Peter Hall, ', 'Elpidia Carrillo', '']"
Spider-Man 3,"['Tobey Maguire, ', 'Kirsten Dunst, ', 'Topher Grace, ', 'Thomas Haden Church', '']"
Obi-Wan Kenobi,"['Ewan McGregor, ', 'Moses Ingram, ', 'Vivien Lyra Blair, ', 'Hayden Christensen', '']"
Casino Royale,"['Daniel Craig, ', 'Eva Green, ', 'Judi Dench, ', 'Jeffrey Wright', '']"
Bloodhounds,"['Woo Do-Hwan, ', 'Sang-yi Lee, ', 'Joon-ho Huh, ', 'Park Sung-woong', '']"
Star Wars: Episode I - The Phantom Menace,"['Ewan McGregor, ', 'Liam Neeson, ', 'Natalie Portman, ', 'Jake Lloyd', '']"
Conan the Barbarian,"['Arnold Schwarzenegger, ', 'James Earl Jones, ', 'Max von Sydow, ', 'Sandahl Bergman', '']"
Transcendence,"['Johnny Depp, ', 'Rebecca Hall, ', 'Morgan Freeman, ', 'Cillian Murphy', '']"
Angel,"['David Boreanaz, ', 'Charisma Carpenter, ', 'Alexis Denisof, ', 'J. August Richards', '']"
The Matrix Resurrections,"['Keanu Reeves, ', 'Carrie-Anne Moss, ', 'Yahya Abdul-Mateen II, ', 'Jonathan Groff', '']"
The Venture Bros.,"['Christopher McCulloch, ', 'James Urbaniak, ', 'Doc Hammer, ', 'Michael Sinterniklaas', '']"
Magnum P.I.,"['Jay Hernandez, ', 'Perdita Weeks, ', 'Zachary Knighton, ', 'Stephen Hill', '']"
Ms. Marvel,"['Iman Vellani, ', 'Matt Lintz, ', 'Zenobia Shroff, ', 'Yasmeen Fletcher', '']"
Star Trek Into Darkness,"['Chris Pine, ', 'Zachary Quinto, ', 'Zoe Saldana, ', 'Benedict Cumberbatch', '']"
Chainsaw Man,"['Kikunosuke Toya, ', 'Ryan Colt Levy, ', 'Tomori Kusunoki, ', 'Shogo Sakata', '']"
X-Men,"['Patrick Stewart, ', 'Hugh Jackman, ', 'Ian McKellen, ', 'Famke Janssen', '']"
The Mummy,"['Tom Cruise, ', 'Sofia Boutella, ', 'Annabelle Wallis, ', 'Russell Crowe', '']"
Harry Potter and the Order of the Phoenix,"['Daniel Radcliffe, ', 'Emma Watson, ', 'Rupert Grint, ', 'Brendan Gleeson', '']"
The Man from U.N.C.L.E.,"['Henry Cavill, ', 'Armie Hammer, ', 'Alicia Vikander, ', 'Elizabeth Debicki', '']"
Upgrade,"['Logan Marshall-Green, ', 'Melanie Vallejo, ', 'Steve Danielsen, ', 'Abby Craden', '']"
Burn Notice,"['Jeffrey Donovan, ', 'Gabrielle Anwar, ', 'Bruce Campbell, ', 'Sharon Gless', '']"
Star Wars: Episode IX - The Rise of Skywalker,"['Daisy Ridley, ', 'John Boyega, ', 'Oscar Isaac, ', 'Adam Driver', '']"
Black Sails,"['Jessica Parker Kennedy, ', 'Toby Stephens, ', 'Hannah New, ', 'Zach McGowan', '']"
Noah,"['Russell Crowe, ', 'Jennifer Connelly, ', 'Anthony Hopkins, ', 'Emma Watson', '']"
Spider-Man: Far from Home,"['Tom Holland, ', 'Samuel L. Jackson, ', 'Jake Gyllenhaal, ', 'Marisa Tomei', '']"
Warrior,"['Tom Hardy, ', 'Nick Nolte, ', 'Joel Edgerton, ', 'Jennifer Morrison', '']"
Altered Carbon,"['Chris Conner, ', 'Renée Elise Goldsberry, ', 'Dichen Lachman, ', 'Will Yun Lee', '']"
Mad Max,"['Mel Gibson, ', 'Joanne Samuel, ', 'Hugh Keays-Byrne, ', 'Steve Bisley', '']"
"Magnum, P.I.","['Tom Selleck, ', 'John Hillerman, ', 'Roger E. Mosley, ', 'Larry Manetti', '']"
Miami Vice,"['Don Johnson, ', 'Philip Michael Thomas, ', 'Saundra Santiago, ', 'Olivia Brown', '']"
Black Panther,"['Chadwick Boseman, ', 'Michael B. Jordan, ', ""Lupita Nyong'o, "", 'Danai Gurira', '']"
The Bourne Identity,"['Franka Potente, ', 'Matt Damon, ', 'Chris Cooper, ', 'Clive Owen', '']"
Stargate: Atlantis,"['Joe Flanigan, ', 'Rachel Luttrell, ', 'David Hewlett, ', 'Jason Momoa', '']"
Jumanji: The Next Level,"['Dwayne Johnson, ', 'Jack Black, ', 'Kevin Hart, ', 'Karen Gillan', '']"
The Lazarus Project,"['Paapa Essiedu, ', 'Anjli Mohindra, ', 'Rudi Dharmalingam, ', 'Caroline Quentin', '']"
F9,"['Vin Diesel, ', 'Michelle Rodriguez, ', 'Jordana Brewster, ', 'Tyrese Gibson', '']"
Batman: The Animated Series,"['Kevin Conroy, ', 'Loren Lester, ', 'Efrem Zimbalist Jr., ', 'Bob Hastings', '']"
Legends of Tomorrow,"['Caity Lotz, ', 'Amy Louise Pemberton, ', 'Dominic Purcell, ', 'Nick Zano', '']"
The Hunt,"['Betty Gilpin, ', 'Hilary Swank, ', 'Ike Barinholtz, ', 'Wayne Duvall', '']"
Red Notice,"['Dwayne Johnson, ', 'Ryan Reynolds, ', 'Gal Gadot, ', 'Ritu Arya', '']"
The King's Man,"['Ralph Fiennes, ', 'Gemma Arterton, ', 'Rhys Ifans, ', 'Harris Dickinson', '']"
Point Break,"['Patrick Swayze, ', 'Keanu Reeves, ', 'Gary Busey, ', 'Lori Petty', '']"
The Legend of Vox Machina,"['Laura Bailey, ', 'Taliesin Jaffe, ', 'Ashley Johnson, ', 'Matthew Mercer', '']"
Spider-Man 2,"['Tobey Maguire, ', 'Kirsten Dunst, ', 'Alfred Molina, ', 'James Franco', '']"
Minority Report,"['Tom Cruise, ', 'Colin Farrell, ', 'Samantha Morton, ', 'Max von Sydow', '']"
Aquaman,"['Jason Momoa, ', 'Amber Heard, ', 'Willem Dafoe, ', 'Patrick Wilson', '']"
Doom Patrol,"['Diane Guerrero, ', 'April Bowlby, ', 'Matt Bomer, ', 'Brendan Fraser', '']"
Star Wars: Episode VII - The Force Awakens,"['Daisy Ridley, ', 'John Boyega, ', 'Oscar Isaac, ', 'Domhnall Gleeson', '']"
V for Vendetta,"['Hugo Weaving, ', 'Natalie Portman, ', 'Rupert Graves, ', 'Stephen Rea', '']"
War of the Worlds,"['Tom Cruise, ', 'Dakota Fanning, ', 'Tim Robbins, ', 'Miranda Otto', '']"
Rush Hour,"['Jackie Chan, ', 'Chris Tucker, ', 'Ken Leung, ', 'Tom Wilkinson', '']"
The Magnificent Seven,"['Denzel Washington, ', 'Chris Pratt, ', 'Ethan Hawke, ', ""Vincent D'Onofrio"", '']"
Van Helsing,"['Hugh Jackman, ', 'Kate Beckinsale, ', 'Richard Roxburgh, ', 'Shuler Hensley', '']"
Anna,"['Sasha Luss, ', 'Helen Mirren, ', 'Luke Evans, ', 'Cillian Murphy', '']"
Star Wars: Episode V - The Empire Strikes Back,"['Mark Hamill, ', 'Harrison Ford, ', 'Carrie Fisher, ', 'Billy Dee Williams', '']"
Castlevania: Nocturne,"['Sophie Skelton, ', 'Nastassja Kinski, ', 'Richard Dormer, ', 'Thuso Mbedu', '']"
Rampage,"['Dwayne Johnson, ', 'Naomie Harris, ', 'Malin Akerman, ', 'Jeffrey Dean Morgan', '']"
Collateral,"['Tom Cruise, ', 'Jamie Foxx, ', 'Jada Pinkett Smith, ', 'Mark Ruffalo', '']"
Hagane no renkinjutsushi,"['Kent Williams, ', 'Iemasa Kayumi, ', 'Matthew Leonhart, ', 'Vic Mignogna', '']"
Avatar: The Last Airbender,"['Tamlyn Tomita, ', 'Daniel Dae Kim, ', 'Ken Leung, ', 'Paul Sun-Hyung Lee', '']"
Busanhaeng,"['Gong Yoo, ', 'Jung Yu-mi, ', 'Ma Dong-seok, ', 'Su-an Kim', '']"
Superman,"['Christopher Reeve, ', 'Margot Kidder, ', 'Gene Hackman, ', 'Marlon Brando', '']"
Warhorse One,"['Johnny Strong, ', 'Athena Durner, ', 'Raj Kala, ', 'James Sherrill', '']"
Snowpiercer,"['Daveed Diggs, ', 'Mickey Sumner, ', 'Alison Wright, ', 'Iddo Goldberg', '']"
Pirates of the Caribbean: Dead Man's Chest,"['Johnny Depp, ', 'Orlando Bloom, ', 'Keira Knightley, ', 'Jack Davenport', '']"
Peter Pan & Wendy,"['Alexander Molony, ', 'Ever Anderson, ', 'Jude Law, ', 'Alyssa Wapanatâhk', '']"
Solo: A Star Wars Story,"['Alden Ehrenreich, ', 'Woody Harrelson, ', 'Emilia Clarke, ', 'Donald Glover', '']"
JoJo no Kimyô na Bôken,"['David Vincent, ', 'Matthew Mercer, ', 'Daisuke Ono, ', 'Unshô Ishizuka', '']"
The Island,"['Michael Jai White, ', 'Gillian White, ', 'Jackson Rathbone, ', 'Edoardo Costa', '']"
Escape Room,"['Taylor Russell, ', 'Logan Miller, ', 'Jay Ellis, ', 'Tyler Labine', '']"
D.P.,"['Kim Seong-gyoon, ', 'Sukku Son, ', 'Jung Hae-in, ', 'Koo Kyo-hwan', '']"
Major Crimes,"['Mary McDonnell, ', 'G.W. Bailey, ', 'Tony Denison, ', 'Michael Paul Chan', '']"
Dragon Ball Z,"['Doc Harris, ', 'Christopher Sabat, ', 'Scott McNeil, ', 'Sean Schemmel', '']"
The Maze Runner,"[""Dylan O'Brien, "", 'Kaya Scodelario, ', 'Will Poulter, ', 'Thomas Brodie-Sangster', '']"
Harry Potter and the Half-Blood Prince,"['Daniel Radcliffe, ', 'Emma Watson, ', 'Rupert Grint, ', 'Michael Gambon', '']"
3:10 to Yuma,"['Russell Crowe, ', 'Christian Bale, ', 'Ben Foster, ', 'Logan Lerman', '']"
One Punch Man: Wanpanman,"['Makoto Furukawa, ', 'Kaito Ishikawa, ', 'Max Mittelman, ', 'Zach Aguilar', '']"
Red Sparrow,"['Jennifer Lawrence, ', 'Joel Edgerton, ', 'Matthias Schoenaerts, ', 'Charlotte Rampling', '']"
True Lies,"['Arnold Schwarzenegger, ', 'Jamie Lee Curtis, ', 'Tom Arnold, ', 'Bill Paxton', '']"
NCIS: Hawai'i,"['Vanessa Lachey, ', 'Alex Tarrant, ', 'Noah Mills, ', 'Jason Antoon', '']"
The Amazing Spider-Man,"['Andrew Garfield, ', 'Emma Stone, ', 'Rhys Ifans, ', 'Irrfan Khan', '']"
Terminator 3: Rise of the Machines,"['Arnold Schwarzenegger, ', 'Nick Stahl, ', 'Kristanna Loken, ', 'Claire Danes', '']"
Greyhound,"['Tom Hanks, ', 'Elisabeth Shue, ', 'Stephen Graham, ', 'Matt Helm', '']"
Murder Mystery 2,"['Adam Sandler, ', 'Jennifer Aniston, ', 'Mark Strong, ', 'Mélanie Laurent', '']"
American Made,"['Tom Cruise, ', 'Domhnall Gleeson, ', 'Sarah Wright, ', 'Jesse Plemons', '']"
The Accountant,"['Ben Affleck, ', 'Anna Kendrick, ', 'J.K. Simmons, ', 'Jon Bernthal', '']"
Avengers: Age of Ultron,"['Robert Downey Jr., ', 'Chris Evans, ', 'Mark Ruffalo, ', 'Chris Hemsworth', '']"
Fast & Furious,"['Vin Diesel, ', 'Paul Walker, ', 'Michelle Rodriguez, ', 'Jordana Brewster', '']"
Jessica Jones,"['Krysten Ritter, ', 'Rachael Taylor, ', 'Eka Darville, ', 'Carrie-Anne Moss', '']"
NCIS: New Orleans,"['Scott Bakula, ', 'Rob Kerkovich, ', 'CCH Pounder, ', 'Daryl Mitchell', '']"
The Mask,"['Jim Carrey, ', 'Cameron Diaz, ', 'Peter Riegert, ', 'Peter Greene', '']"
The Other Guys,"['Will Ferrell, ', 'Mark Wahlberg, ', 'Derek Jeter, ', 'Eva Mendes', '']"
Ocean's Eight,"['Sandra Bullock, ', 'Cate Blanchett, ', 'Anne Hathaway, ', 'Mindy Kaling', '']"
21 Jump Street,"['Jonah Hill, ', 'Channing Tatum, ', 'Ice Cube, ', 'Brie Larson', '']"
Last Resort,"['Andre Braugher, ', 'Scott Speedman, ', 'Daisy Betts, ', 'Camille De Pazzis', '']"
IB 71,"['Anupam Kher, ', 'Vidyut Jammwal, ', 'Nissar Khan, ', 'Dalip Tahil', '']"
Miami Vice,"['Colin Farrell, ', 'Jamie Foxx, ', 'Gong Li, ', 'Naomie Harris', '']"
Speed,"['Keanu Reeves, ', 'Dennis Hopper, ', 'Sandra Bullock, ', 'Joe Morton', '']"
Stargate,"['Kurt Russell, ', 'James Spader, ', 'Jaye Davidson, ', 'Viveca Lindfors', '']"
Wanted,"['Angelina Jolie, ', 'James McAvoy, ', 'Morgan Freeman, ', 'Terence Stamp', '']"
The Last Ship,"['Eric Dane, ', 'Adam Baldwin, ', 'Charles Parnell, ', 'Travis Van Winkle', '']"
Training Day,"['Denzel Washington, ', 'Ethan Hawke, ', 'Scott Glenn, ', 'Tom Berenger', '']"
Kung Fu Panda,"['Jack Black, ', 'Ian McShane, ', 'Angelina Jolie, ', 'Dustin Hoffman', '']"
Iron Man Three,"['Robert Downey Jr., ', 'Guy Pearce, ', 'Gwyneth Paltrow, ', 'Don Cheadle', '']"
Hawkeye,"['Jeremy Renner, ', 'Hailee Steinfeld, ', 'Florence Pugh, ', 'Vera Farmiga', '']"
The Pacific,"['James Badge Dale, ', 'Joseph Mazzello, ', 'Jon Seda, ', 'Ashton Holmes', '']"
Mortal Engines,"['Hera Hilmar, ', 'Robert Sheehan, ', 'Hugo Weaving, ', 'Jihae', '']"
Shazam!,"['Zachary Levi, ', 'Mark Strong, ', 'Asher Angel, ', 'Jack Dylan Grazer', '']"
CSI: NY,"['Gary Sinise, ', 'Carmine Giovinazzo, ', 'Hill Harper, ', 'Eddie Cahill', '']"
Mr. & Mrs. Smith,"['Brad Pitt, ', 'Angelina Jolie, ', 'Adam Brody, ', 'Vince Vaughn', '']"
Thunderbolts,"['Florence Pugh, ', 'Harrison Ford, ', 'Ayo Edebiri, ', 'Olga Kurylenko', '']"
Skyfall,"['Daniel Craig, ', 'Javier Bardem, ', 'Naomie Harris, ', 'Judi Dench', '']"
X-Men: Days of Future Past,"['Patrick Stewart, ', 'Ian McKellen, ', 'Hugh Jackman, ', 'James McAvoy', '']"
Batman Returns,"['Michael Keaton, ', 'Danny DeVito, ', 'Michelle Pfeiffer, ', 'Christopher Walken', '']"
Source Code,"['Jake Gyllenhaal, ', 'Michelle Monaghan, ', 'Vera Farmiga, ', 'Jeffrey Wright', '']"
Midway,"['Ed Skrein, ', 'Patrick Wilson, ', 'Woody Harrelson, ', 'Luke Evans', '']"
Taken,"['Liam Neeson, ', 'Maggie Grace, ', 'Famke Janssen, ', 'Leland Orser', '']"
Captain America: Brave New World,"['Harrison Ford, ', 'Rosa Salazar, ', 'Anthony Mackie, ', 'Sebastian Stan', '']"
Escape Plan,"['Sylvester Stallone, ', 'Arnold Schwarzenegger, ', '50 Cent, ', ""Vincent D'Onofrio"", '']"
The Fast and the Furious: Tokyo Drift,"['Lucas Black, ', 'Zachery Ty Bryan, ', 'Shad Moss, ', 'Damien Marzette', '']"
Godzilla vs. Kong,"['Alexander Skarsgård, ', 'Millie Bobby Brown, ', 'Rebecca Hall, ', 'Brian Tyree Henry', '']"
Rush,"['Daniel Brühl, ', 'Chris Hemsworth, ', 'Olivia Wilde, ', 'Alexandra Maria Lara', '']"
6 Underground,"['Ryan Reynolds, ', 'Mélanie Laurent, ', 'Manuel Garcia-Rulfo, ', 'Ben Hardy', '']"
The Boondocks,"['Regina King, ', 'John Witherspoon, ', 'Gary Anthony Williams, ', 'Cedric Yarbrough', '']"
Fallout,"['Moises Arias, ', 'Johnny Pemberton, ', 'Aixa Kendrick, ', 'Walton Goggins', '']"
28 Weeks Later,"['Jeremy Renner, ', 'Rose Byrne, ', 'Robert Carlyle, ', 'Harold Perrineau', '']"
Terminator: Dark Fate,"['Linda Hamilton, ', 'Arnold Schwarzenegger, ', 'Mackenzie Davis, ', 'Natalia Reyes', '']"
The Last of the Mohicans,"['Daniel Day-Lewis, ', 'Madeleine Stowe, ', 'Russell Means, ', 'Eric Schweig', '']"
Godless,"[""Jack O'Connell, "", 'Michelle Dockery, ', 'Scoot McNairy, ', 'Merritt Wever', '']"
The Hunger Games: Mockingjay - Part 1,"['Jennifer Lawrence, ', 'Josh Hutcherson, ', 'Liam Hemsworth, ', 'Woody Harrelson', '']"
Children of Men,"['Julianne Moore, ', 'Clive Owen, ', 'Chiwetel Ejiofor, ', 'Michael Caine', '']"
Tron,"['Jeff Bridges, ', 'Garrett Hedlund, ', 'Olivia Wilde, ', 'Bruce Boxleitner', '']"
In the Dark,"['Perry Mattfeld, ', 'Casey Deidrick, ', 'Morgan Krantz, ', 'Keston John', '']"
"Lock, Stock and Two Smoking Barrels","['Jason Flemyng, ', 'Dexter Fletcher, ', 'Nick Moran, ', 'Jason Statham', '']"
Shin Kamen Raidâ,"['Sôsuke Ikematsu, ', 'Minami Hamabe, ', 'Tasuku Emoto, ', ""Shin'ya Tsukamoto"", '']"
Jigokuraku,"['Chiaki Kobayashi, ', 'Yumiri Hanamori, ', 'Marisa Duran, ', 'Alejandro Saab', '']"
Pirates of the Caribbean: On Stranger Tides,"['Johnny Depp, ', 'Penélope Cruz, ', 'Ian McShane, ', 'Geoffrey Rush', '']"
Shotgun Wedding,"['Jennifer Lopez, ', 'Josh Duhamel, ', 'Lenny Kravitz, ', 'Jennifer Coolidge', '']"
Escape Room: Tournament of Champions,"['Taylor Russell, ', 'Logan Miller, ', 'Deborah Ann Woll, ', 'Thomas Cocquerel', '']"
Gangs of London,"['Joe Cole, ', 'Sope Dirisu, ', 'Michelle Fairley, ', 'Lucian Msamati', '']"
Snowpiercer,"['Chris Evans, ', 'Jamie Bell, ', 'Tilda Swinton, ', 'Ed Harris', '']"
Dawn of the Dead,"['Sarah Polley, ', 'Ving Rhames, ', 'Mekhi Phifer, ', 'Jake Weber', '']"
Star Wars: Episode III - Revenge of the Sith,"['Hayden Christensen, ', 'Natalie Portman, ', 'Ewan McGregor, ', 'Samuel L. Jackson', '']"
Heart of Stone,"['Gal Gadot, ', 'Matthias Schweighöfer, ', 'Jamie Dornan, ', 'Archie Madekwe', '']"
Masters of the Air,"['Barry Keoghan, ', 'Austin Butler, ', 'Callum Turner, ', 'Ben Radcliffe', '']"
Star Trek Beyond,"['Chris Pine, ', 'Zachary Quinto, ', 'Karl Urban, ', 'Zoe Saldana', '']"
Spider-Man: Beyond the Spider-Verse,"['Shameik Moore, ', 'Issa Rae, ', 'Hailee Steinfeld, ', 'Oscar Isaac', '']"
Sonic the Hedgehog 2,"['James Marsden, ', 'Jim Carrey, ', 'Ben Schwartz, ', 'Tika Sumpter', '']"
Spider-Man: Lotus,"['Warden Wayne, ', 'Sean Thomas Reid, ', 'Moriah Brooklyn, ', 'Maxwell Fox-Andrews', '']"
Argylle,"['Henry Cavill, ', 'Dua Lipa, ', 'Samuel L. Jackson, ', 'John Cena', '']"
Chappie,"['Sharlto Copley, ', 'Dev Patel, ', 'Hugh Jackman, ', 'Sigourney Weaver', '']"
The Lego Movie,"['Chris Pratt, ', 'Will Ferrell, ', 'Elizabeth Banks, ', 'Will Arnett', '']"
13 Hours,"['John Krasinski, ', 'Pablo Schreiber, ', 'James Badge Dale, ', 'David Denman', '']"
Legend of the White Dragon,"['Jason David Frank, ', 'Aaron Schoenke, ', 'Chalet Lizette Brannan, ', 'Mayling Ng', '']"
WarGames,"['Matthew Broderick, ', 'Ally Sheedy, ', 'John Wood, ', 'Dabney Coleman', '']"
Kingdom,"['Ju Ji-hoon, ', 'Bae Doona, ', 'Kim Sungkyu, ', 'Kim Hye-jun', '']"
The Incredible Hulk,"['Edward Norton, ', 'Liv Tyler, ', 'Tim Roth, ', 'William Hurt', '']"
District 9,"['Sharlto Copley, ', 'David James, ', 'Jason Cope, ', 'Nathalie Boltt', '']"
Twister,"['Helen Hunt, ', 'Bill Paxton, ', 'Cary Elwes, ', 'Jami Gertz', '']"
Star Wars: Episode VI - Return of the Jedi,"['Mark Hamill, ', 'Harrison Ford, ', 'Carrie Fisher, ', 'Billy Dee Williams', '']"
Deep Impact,"['Robert Duvall, ', 'Téa Leoni, ', 'Elijah Wood, ', 'Morgan Freeman', '']"
Captain America: Civil War,"['Chris Evans, ', 'Robert Downey Jr., ', 'Scarlett Johansson, ', 'Sebastian Stan', '']"
Anthropoid,"['Jamie Dornan, ', 'Cillian Murphy, ', 'Brian Caspe, ', 'Karel Hermánek Jr.', '']"
SAS Rogue Heroes,"['Connor Swindells, ', ""Jack O'Connell, "", 'Alfie Allen, ', 'Jacob Ifan', '']"
Blood & Gold,"['Robert Maaser, ', 'Jördis Triebel, ', 'Marie Hacke, ', 'Alexander Scheer', '']"
X-Men: Apocalypse,"['James McAvoy, ', 'Michael Fassbender, ', 'Jennifer Lawrence, ', 'Nicholas Hoult', '']"
Shichinin no samurai,"['Toshirô Mifune, ', 'Takashi Shimura, ', 'Keiko Tsushima, ', 'Yukiko Shimazaki', '']"
Predestination,"['Ethan Hawke, ', 'Sarah Snook, ', 'Noah Taylor, ', 'Madeleine West', '']"
Pirates of the Caribbean: At World's End,"['Johnny Depp, ', 'Orlando Bloom, ', 'Keira Knightley, ', 'Geoffrey Rush', '']"
The Equalizer 2,"['Denzel Washington, ', 'Pedro Pascal, ', 'Ashton Sanders, ', 'Orson Bean', '']"
Lucy,"['Scarlett Johansson, ', 'Morgan Freeman, ', 'Choi Min-sik, ', 'Amr Waked', '']"
Boss Bitch Fight Challenge,"['Zoë Bell, ', 'Lucy Lawless, ', 'Tara Macken, ', 'Drew Barrymore', '']"
The Last Samurai,"['Tom Cruise, ', 'Ken Watanabe, ', 'Billy Connolly, ', 'William Atherton', '']"
The Fugitive,"['Harrison Ford, ', 'Tommy Lee Jones, ', 'Sela Ward, ', 'Julianne Moore', '']"
Peaky Blinders: The King's Ransom,"['Cillian Murphy, ', 'Paul Anderson, ', 'Ruth Gibson, ', 'Pooky Quesnel', '']"
The Legend of Korra,"['Janet Varney, ', 'P.J. Byrne, ', 'David Faustino, ', 'J.K. Simmons', '']"
Game Night,"['Jason Bateman, ', 'Rachel McAdams, ', 'Kyle Chandler, ', 'Sharon Horgan', '']"
Shûmatsu no Valkyrie,"['Kellen Goff, ', 'Tomoyo Kurosawa, ', 'Miyuki Sawashiro, ', 'Daisuke Namikawa', '']"
The Patriot,"['Mel Gibson, ', 'Heath Ledger, ', 'Joely Richardson, ', 'Jason Isaacs', '']"
Scorpion,"['Elyes Gabel, ', 'Katharine McPhee, ', 'Eddie Kaye Thomas, ', 'Jadyn Wong', '']"
Kingsman: The Golden Circle,"['Taron Egerton, ', 'Colin Firth, ', 'Mark Strong, ', 'Channing Tatum', '']"
The Amazing Spider-Man 2,"['Andrew Garfield, ', 'Emma Stone, ', 'Jamie Foxx, ', 'Paul Giamatti', '']"
Unbroken,"[""Jack O'Connell, "", 'Miyavi, ', 'Domhnall Gleeson, ', 'Garrett Hedlund', '']"
Hotel Artemis,"['Jodie Foster, ', 'Sofia Boutella, ', 'Dave Bautista, ', 'Sterling K. Brown', '']"
Homefront,"['Jason Statham, ', 'James Franco, ', 'Winona Ryder, ', 'Kate Bosworth', '']"
Highlander,"['Christopher Lambert, ', 'Sean Connery, ', 'Clancy Brown, ', 'Roxanne Hart', '']"
FBI: Most Wanted,"['Roxy Sternberg, ', 'Keisha Castle-Hughes, ', 'Alexa Davalos, ', 'Julian McMahon', '']"
Split Second,"['Rutger Hauer, ', 'Kim Cattrall, ', 'Alastair Duncan, ', 'Michael J. Pollard', '']"
Doctor Strange,"['Benedict Cumberbatch, ', 'Chiwetel Ejiofor, ', 'Rachel McAdams, ', 'Benedict Wong', '']"
In the Heart of the Sea,"['Chris Hemsworth, ', 'Cillian Murphy, ', 'Brendan Gleeson, ', 'Ben Whishaw', '']"
Ant-Man,"['Paul Rudd, ', 'Michael Douglas, ', 'Corey Stoll, ', 'Evangeline Lilly', '']"
Pacific Rim,"['Idris Elba, ', 'Charlie Hunnam, ', 'Rinko Kikuchi, ', 'Charlie Day', '']"
The Hunger Games: Mockingjay - Part 2,"['Jennifer Lawrence, ', 'Josh Hutcherson, ', 'Liam Hemsworth, ', 'Woody Harrelson', '']"
Gotham Knights,"['Oscar Morgan, ', 'Olivia Rose Keegan, ', 'Navia Ziraili Robinson, ', 'Fallon Smythe', '']"
Iron Fist,"['Finn Jones, ', 'Jessica Henwick, ', 'Jessica Stroup, ', 'Tom Pelphrey', '']"
The Tomorrow War,"['Chris Pratt, ', 'Yvonne Strahovski, ', 'J.K. Simmons, ', 'Betty Gilpin', '']"
Poketto monsutâ,"['Veronica Taylor, ', 'Rachael Lillis, ', 'Eric Stuart, ', 'Ikue Ôtani', '']"
Jungle Cruise,"['Dwayne Johnson, ', 'Emily Blunt, ', 'Edgar Ramírez, ', 'Jack Whitehall', '']"
The School for Good and Evil,"['Kit Young, ', 'Sophia Anne Caruso, ', 'Cate Blanchett, ', 'Liam Woon', '']"
The Book of Boba Fett,"['Temuera Morrison, ', 'Ming-Na Wen, ', 'Frank Trigg, ', 'Collin Hymes', '']"
Elysium,"['Matt Damon, ', 'Jodie Foster, ', 'Sharlto Copley, ', 'Alice Braga', '']"
The Last Kingdom: Seven Kings Must Die,"['Mark Rowley, ', 'Pekka Strang, ', 'Zoltan Andrasi, ', 'Ingrid García Jonsson', '']"
Moonfall,"['Halle Berry, ', 'Patrick Wilson, ', 'John Bradley, ', 'Charlie Plummer', '']"
Valerian and the City of a Thousand Planets,"['Dane DeHaan, ', 'Cara Delevingne, ', 'Clive Owen, ', 'Rihanna', '']"
Jurassic World: Fallen Kingdom,"['Chris Pratt, ', 'Bryce Dallas Howard, ', 'Rafe Spall, ', 'Justice Smith', '']"
The Boondock Saints,"['Willem Dafoe, ', 'Sean Patrick Flanery, ', 'Norman Reedus, ', 'David Della Rocco', '']"
Sonic the Hedgehog,"['Ben Schwartz, ', 'James Marsden, ', 'Jim Carrey, ', 'Tika Sumpter', '']"
Devotion,"['Jonathan Majors, ', 'Glen Powell, ', 'Christina Jackson, ', 'Thomas Sadoski', '']"
El Camino: A Breaking Bad Movie,"['Aaron Paul, ', 'Jonathan Banks, ', 'Matt Jones, ', 'Charles Baker', '']"
JAG,"['David James Elliott, ', 'Catherine Bell, ', 'Patrick Labyorteaux, ', 'John M. Jackson', '']"
Fauda,"['Lior Raz, ', 'Itzik Cohen, ', 'Neta Garty, ', 'Rona-Lee Shimon', '']"
Total Recall,"['Arnold Schwarzenegger, ', 'Sharon Stone, ', 'Michael Ironside, ', 'Rachel Ticotin', '']"
Young Guns,"['Emilio Estevez, ', 'Kiefer Sutherland, ', 'Lou Diamond Phillips, ', 'Charlie Sheen', '']"
Snow White and the Huntsman,"['Kristen Stewart, ', 'Chris Hemsworth, ', 'Charlize Theron, ', 'Sam Claflin', '']"
Blade,"['Wesley Snipes, ', 'Stephen Dorff, ', 'Kris Kristofferson, ', ""N'Bushe Wright"", '']"
X: First Class,"['James McAvoy, ', 'Michael Fassbender, ', 'Jennifer Lawrence, ', 'Kevin Bacon', '']"
Memory,"['Liam Neeson, ', 'Guy Pearce, ', 'Taj Atwal, ', 'Harold Torres', '']"
Con Air,"['Nicolas Cage, ', 'John Cusack, ', 'John Malkovich, ', 'Colm Meaney', '']"
How to Train Your Dragon,"['Jay Baruchel, ', 'Gerard Butler, ', 'Christopher Mintz-Plasse, ', 'Craig Ferguson', '']"
Enter the Dragon,"['Bruce Lee, ', 'John Saxon, ', 'Jim Kelly, ', 'Ahna Capri', '']"
The Adam Project,"['Ryan Reynolds, ', 'Walker Scobell, ', 'Mark Ruffalo, ', 'Jennifer Garner', '']"
Kenpuu Denki Berserk,"['Marc Diraison, ', 'Nobutoshi Canna, ', 'Carrie Keranen, ', 'Kevin T. Collins', '']"
Babylon 5,"['Mira Furlan, ', 'Richard Biggs, ', 'Stephen Furst, ', 'Andreas Katsulas', '']"
Our Flag Means Death,"['Rhys Darby, ', 'Joel Fry, ', 'Samson Kayo, ', 'Nathan Foad', '']"
Teenage Mutant Ninja Turtles: Out of the Shadows,"['Megan Fox, ', 'Will Arnett, ', 'Tyler Perry, ', 'Laura Linney', '']"
Sky High,"['Kurt Russell, ', 'Kelly Preston, ', 'Michael Angarano, ', 'Danielle Panabaker', '']"
Constantine,"['Keanu Reeves, ', 'Rachel Weisz, ', 'Djimon Hounsou, ', 'Shia LaBeouf', '']"
Avengers: Secret Wars,"['Simu Liu, ', 'Chris Hemsworth, ', 'Kathryn Newton, ', 'Benedict Cumberbatch', '']"
Fast & Furious 7,"['Vin Diesel, ', 'Paul Walker, ', 'Dwayne Johnson, ', 'Jason Statham', '']"
Clear and Present Danger,"['Harrison Ford, ', 'Willem Dafoe, ', 'Anne Archer, ', 'Joaquim de Almeida', '']"
Emergency!,"['Randolph Mantooth, ', 'Kevin Tighe, ', 'Julie London, ', 'Bobby Troup', '']"
Sicario: Day of the Soldado,"['Benicio Del Toro, ', 'Josh Brolin, ', 'Isabela Merced, ', 'Jeffrey Donovan', '']"
The Rock,"['Sean Connery, ', 'Nicolas Cage, ', 'Ed Harris, ', 'John Spencer', '']"
What If...?,"['Jeffrey Wright, ', 'Terri Douglas, ', 'Matthew Wood, ', 'Robin Atkin Downes', '']"
A Knight's Tale,"['Heath Ledger, ', 'Mark Addy, ', 'Rufus Sewell, ', 'Shannyn Sossamon', '']"
Captain Phillips,"['Tom Hanks, ', 'Barkhad Abdi, ', 'Barkhad Abdirahman, ', 'Catherine Keener', '']"
Cyberpunk: Edgerunners,"['Zach Aguilar, ', 'Kenichiro Ohashi, ', 'Emi Lo, ', 'Aoi Yûki', '']"
The Rookie: Feds,"['Niecy Nash, ', 'James Lesure, ', 'Britt Robertson, ', 'Felix Solis', '']"
First Blood,"['Sylvester Stallone, ', 'Brian Dennehy, ', 'Richard Crenna, ', 'Bill McKinney', '']"
Queen of the South,"['Alice Braga, ', 'Hemky Madera, ', 'Peter Gadiot, ', 'Veronica Falcón', '']"
The Perfect Storm,"['George Clooney, ', 'Mark Wahlberg, ', 'John C. Reilly, ', 'Diane Lane', '']"
Shooter,"['Mark Wahlberg, ', 'Michael Peña, ', 'Rhona Mitra, ', 'Danny Glover', '']"
The Shallows,"['Blake Lively, ', 'Óscar Jaenada, ', 'Angelo Josue Lozano Corzo, ', 'Joseph Salas', '']"
Havoc,"['Timothy Olyphant, ', 'Tom Hardy, ', 'Forest Whitaker, ', 'Luis Guzmán', '']"
Oblivion,"['Tom Cruise, ', 'Morgan Freeman, ', 'Andrea Riseborough, ', 'Olga Kurylenko', '']"
Ji-geum u-ri hak-gyo-neun,"['Park Ji-hu, ', 'Chan-Young Yoon, ', 'Yi-Hyun Cho, ', 'Park Solomon', '']"
Til Death Do Us Part,"['Cam Gigandet, ', 'Jason Patric, ', 'Natalie Burn, ', 'Orlando Jones', '']"
Hulk,"['Eric Bana, ', 'Jennifer Connelly, ', 'Sam Elliott, ', 'Josh Lucas', '']"
Army of the Dead,"['Dave Bautista, ', 'Ella Purnell, ', 'Ana de la Reguera, ', 'Omari Hardwick', '']"
Face/Off,"['John Travolta, ', 'Nicolas Cage, ', 'Joan Allen, ', 'Alessandro Nivola', '']"
Wo de ren jian yan huo,"['Yang Yang, ', 'Churan Wang, ', 'Chaoyue Yang, ', 'Asai Meng', '']"
Violent Night,"['David Harbour, ', 'John Leguizamo, ', ""Beverly D'Angelo, "", 'Alex Hassell', '']"
"Walker, Texas Ranger","['Chuck Norris, ', 'Clarence Gilyard Jr., ', 'Sheree J. Wilson, ', 'Noble Willingham', '']"
Captain America: The Winter Soldier,"['Chris Evans, ', 'Samuel L. Jackson, ', 'Scarlett Johansson, ', 'Robert Redford', '']"
Star Wars: The Bad Batch,"['Ming-Na Wen, ', 'Dee Bradley Baker, ', 'Michelle Ang, ', 'Noshir Dalal', '']"
True Lies,"['Steve Howey, ', 'Ginger Gonzaga, ', ""Mike O'Gorman, "", 'Erica Hernandez', '']"
Jason Bourne,"['Matt Damon, ', 'Tommy Lee Jones, ', 'Alicia Vikander, ', 'Vincent Cassel', '']"
Morbius,"['Jared Leto, ', 'Matt Smith, ', 'Adria Arjona, ', 'Jared Harris', '']"
PAW Patrol: The Mighty Movie,"['Mckenna Grace, ', 'James Marsden, ', 'Kristen Bell, ', 'Iain Armitage', '']"
Batman,"['Adam West, ', 'Burt Ward, ', 'Alan Napier, ', 'Neil Hamilton', '']"
Lethal Weapon,"['Mel Gibson, ', 'Danny Glover, ', 'Gary Busey, ', 'Mitchell Ryan', '']"
Zombieland,"['Jesse Eisenberg, ', 'Emma Stone, ', 'Woody Harrelson, ', 'Abigail Breslin', '']"
Teenage Mutant Ninja Turtles,"['Sean Astin, ', 'Rob Paulsen, ', 'Greg Cipes, ', 'Mae Whitman', '']"
The Bourne Supremacy,"['Matt Damon, ', 'Franka Potente, ', 'Joan Allen, ', 'Brian Cox', '']"
Mortal Kombat,"['Lewis Tan, ', 'Jessica McNamee, ', 'Josh Lawson, ', 'Joe Taslim', '']"
Mononoke-hime,"['Yôji Matsuda, ', 'Yuriko Ishida, ', 'Yûko Tanaka, ', 'Billy Crudup', '']"
Natural Born Killers,"['Woody Harrelson, ', 'Juliette Lewis, ', 'Tom Sizemore, ', 'Rodney Dangerfield', '']"
DC League of Super-Pets,"['Dwayne Johnson, ', 'Kevin Hart, ', 'Kate McKinnon, ', 'John Krasinski', '']"
MacGyver,"['Richard Dean Anderson, ', 'Dana Elcar, ', 'Bruce McGill, ', 'Robin Mossley', '']"
Wonder Woman 1984,"['Gal Gadot, ', 'Chris Pine, ', 'Kristen Wiig, ', 'Pedro Pascal', '']"
Incredibles 2,"['Craig T. Nelson, ', 'Holly Hunter, ', 'Sarah Vowell, ', 'Huck Milner', '']"
Alien³,"['Sigourney Weaver, ', 'Charles S. Dutton, ', 'Charles Dance, ', 'Paul McGann', '']"
Regular Show,"['J.G. Quintel, ', 'William Salyers, ', 'Sam Marin, ', 'Mark Hamill', '']"
Iron Man 2,"['Robert Downey Jr., ', 'Mickey Rourke, ', 'Gwyneth Paltrow, ', 'Don Cheadle', '']"
King Arthur: Legend of the Sword,"['Charlie Hunnam, ', 'Astrid Bergès-Frisbey, ', 'Jude Law, ', 'Djimon Hounsou', '']"
Spectre,"['Daniel Craig, ', 'Christoph Waltz, ', 'Léa Seydoux, ', 'Ralph Fiennes', '']"
Mortal Kombat 2,"['Karl Urban, ', 'Hiroyuki Sanada, ', 'Jessica McNamee, ', 'Damon Herriman', '']"
Baki,"['Tôru Furuya, ', 'Kirk Thornton, ', 'Troy Baker, ', 'Nobunaga Shimazaki', '']"
Resident Evil,"['Milla Jovovich, ', 'Michelle Rodriguez, ', 'Ryan McCluskey, ', 'Oscar Pearce', '']"
Ride Along,"['Ice Cube, ', 'Kevin Hart, ', 'Tika Sumpter, ', 'John Leguizamo', '']"
Sherlock Holmes,"['Robert Downey Jr., ', 'Jude Law, ', 'Rachel McAdams, ', 'Mark Strong', '']"
Star Wars: Episode II - Attack of the Clones,"['Hayden Christensen, ', 'Natalie Portman, ', 'Ewan McGregor, ', 'Christopher Lee', '']"
The Lost World: Jurassic Park,"['Jeff Goldblum, ', 'Julianne Moore, ', 'Pete Postlethwaite, ', 'Vince Vaughn', '']"
Drive-Away Dolls,"['Matt Damon, ', 'Pedro Pascal, ', 'Geraldine Viswanathan, ', 'Margaret Qualley', '']"
Daredevil: Born Again,"['Charlie Cox, ', 'Margarita Levieva, ', 'Jon Bernthal, ', ""Vincent D'Onofrio"", '']"
Tank Girl,"['Lori Petty, ', 'Ice-T, ', 'Naomi Watts, ', 'Don Harvey', '']"
Enemy at the Gates,"['Jude Law, ', 'Ed Harris, ', 'Joseph Fiennes, ', 'Rachel Weisz', '']"
The Huntsman: Winter's War,"['Chris Hemsworth, ', 'Jessica Chastain, ', 'Charlize Theron, ', 'Emily Blunt', '']"
Triple Frontier,"['Ben Affleck, ', 'Oscar Isaac, ', 'Charlie Hunnam, ', 'Garrett Hedlund', '']"
Mulan,"['Liu Yifei, ', 'Donnie Yen, ', 'Gong Li, ', 'Jet Li', '']"
Master and Commander: The Far Side of the World,"['Russell Crowe, ', 'Paul Bettany, ', 'Billy Boyd, ', ""James D'Arcy"", '']"
The Karate Kid,"['Jackie Chan, ', 'Jaden Smith, ', 'Taraji P. Henson, ', 'Wenwen Han', '']"
Blindspot,"['Sullivan Stapleton, ', 'Jaimie Alexander, ', 'Audrey Esparza, ', 'Ashley Johnson', '']"
The Covenant,"['Steven Strait, ', 'Sebastian Stan, ', 'Toby Hemingway, ', 'Taylor Kitsch', '']"
Drive Angry,"['Nicolas Cage, ', 'Amber Heard, ', 'William Fichtner, ', 'Billy Burke', '']"
Underwater,"['Kristen Stewart, ', 'Vincent Cassel, ', 'Mamoudou Athie, ', 'T.J. Miller', '']"
Smokin' Aces,"['Jeremy Piven, ', 'Ryan Reynolds, ', 'Ray Liotta, ', 'Joseph Ruskin', '']"
Ballerina,"['Ana de Armas, ', 'Keanu Reeves, ', 'Lance Reddick, ', 'Norman Reedus', '']"
The Old Way,"['Phillip Aguirre, ', 'Ryan Kiera Armstrong, ', 'Clint Howard, ', 'Katelyn Bauer', '']"
Fantastic Four,"['Miles Teller, ', 'Kate Mara, ', 'Michael B. Jordan, ', 'Jamie Bell', '']"
Enola Holmes,"['Millie Bobby Brown, ', 'Henry Cavill, ', 'Sam Claflin, ', 'Helena Bonham Carter', '']"
Kaubôi bibappu: Cowboy Bebop,"['Kôichi Yamadera, ', 'Unshô Ishizuka, ', 'Megumi Hayashibara, ', 'Steve Blum', '']"
Old Henry,"['Tim Blake Nelson, ', 'Scott Haze, ', 'Gavin Lewis, ', 'Trace Adkins', '']"
They Live,"['Roddy Piper, ', 'Keith David, ', 'Meg Foster, ', ""George 'Buck' Flower"", '']"
Pineapple Express,"['Seth Rogen, ', 'James Franco, ', 'Gary Cole, ', 'Danny McBride', '']"
Terminator Genisys,"['Arnold Schwarzenegger, ', 'Jason Clarke, ', 'Emilia Clarke, ', 'Jai Courtney', '']"
Planet of the Apes,"['Mark Wahlberg, ', 'Helena Bonham Carter, ', 'Tim Roth, ', 'Michael Clarke Duncan', '']"
2012,"['John Cusack, ', 'Thandiwe Newton, ', 'Chiwetel Ejiofor, ', 'Amanda Peet', '']"
Big Trouble in Little China,"['Kurt Russell, ', 'Kim Cattrall, ', 'Dennis Dun, ', 'James Hong', '']"
Robin Hood: Prince of Thieves,"['Kevin Costner, ', 'Morgan Freeman, ', 'Mary Elizabeth Mastrantonio, ', 'Christian Slater', '']"
Jawan,"['Shah Rukh Khan, ', 'Nayanthara, ', 'Vijay Sethupathi, ', 'Deepika Padukone', '']"
Kill Bill: Vol. 2,"['Uma Thurman, ', 'David Carradine, ', 'Michael Madsen, ', 'Daryl Hannah', '']"
Star Wars: Episode VIII - The Last Jedi,"['Daisy Ridley, ', 'John Boyega, ', 'Mark Hamill, ', 'Carrie Fisher', '']"
Greenland,"['Gerard Butler, ', 'Morena Baccarin, ', 'Roger Dale Floyd, ', 'Scott Glenn', '']"
2 Fast 2 Furious,"['Paul Walker, ', 'Tyrese Gibson, ', 'Cole Hauser, ', 'Eva Mendes', '']"
Thirteen Lives,"['Viggo Mortensen, ', 'Colin Farrell, ', 'Joel Edgerton, ', 'Tom Bateman', '']"
King Kong,"['Naomi Watts, ', 'Jack Black, ', 'Adrien Brody, ', 'Thomas Kretschmann', '']"
Run Hide Fight,"['Isabel May, ', 'Radha Mitchell, ', 'Thomas Jane, ', 'Eli Brown', '']"
Becky,"['Lulu Wilson, ', 'Kevin James, ', 'Joel McHale, ', 'Robert Maillet', '']"
The Twilight Saga: Eclipse,"['Kristen Stewart, ', 'Robert Pattinson, ', 'Taylor Lautner, ', 'Xavier Samuel', '']"
The Three Musketeers,"['Logan Lerman, ', 'Matthew Macfadyen, ', 'Ray Stevenson, ', 'Milla Jovovich', '']"
X-Men Origins: Wolverine,"['Hugh Jackman, ', 'Liev Schreiber, ', 'Ryan Reynolds, ', 'Danny Huston', '']"
Alien Resurrection,"['Sigourney Weaver, ', 'Winona Ryder, ', 'Dominique Pinon, ', 'Ron Perlman', '']"
The Owl House,"['Sarah-Nicole Robles, ', 'Alex Hirsch, ', 'Wendie Malick, ', 'Tati Gabrielle', '']"
Untitled Venom Sequel,"['Tom Hardy, ', 'Juno Temple, ', 'Chiwetel Ejiofor', '']"
Only God Forgives,"['Ryan Gosling, ', 'Kristin Scott Thomas, ', 'Vithaya Pansringarm, ', 'Gordon Brown', '']"
Warcraft,"['Travis Fimmel, ', 'Paula Patton, ', 'Ben Foster, ', 'Dominic Cooper', '']"
Batman v Superman: Dawn of Justice (Ultimate Edition),"['Amy Adams, ', 'Ben Affleck, ', 'Henry Cavill, ', 'Jesse Eisenberg', '']"
Poseidon,"['Richard Dreyfuss, ', 'Kurt Russell, ', 'Emmy Rossum, ', 'Josh Lucas', '']"
Johnny English Strikes Again,"['Rowan Atkinson, ', 'Ben Miller, ', 'Olga Kurylenko, ', 'Emma Thompson', '']"
The Fighter,"['Mark Wahlberg, ', 'Christian Bale, ', 'Amy Adams, ', 'Melissa Leo', '']"
Olympus Has Fallen,"['Gerard Butler, ', 'Aaron Eckhart, ', 'Morgan Freeman, ', 'Angela Bassett', '']"
Phineas and Ferb,"['Vincent Martella, ', 'Dan Povenmire, ', 'Thomas Brodie-Sangster, ', 'Ashley Tisdale', '']"
The Crow,"['Brandon Lee, ', 'Michael Wincott, ', 'Rochelle Davis, ', 'Ernie Hudson', '']"
Looper,"['Joseph Gordon-Levitt, ', 'Bruce Willis, ', 'Emily Blunt, ', 'Paul Dano', '']"
Polar,"['Mads Mikkelsen, ', 'Vanessa Hudgens, ', 'Katheryn Winnick, ', 'Fei Ren', '']"
Waterworld,"['Kevin Costner, ', 'Jeanne Tripplehorn, ', 'Dennis Hopper, ', 'Tina Majorino', '']"
Tomb Raider,"['Alicia Vikander, ', 'Dominic West, ', 'Walton Goggins, ', 'Daniel Wu', '']"
Clash of the Titans,"['Sam Worthington, ', 'Liam Neeson, ', 'Ralph Fiennes, ', 'Jason Flemyng', '']"
Batgirl,"['Michael Keaton, ', 'Brendan Fraser, ', 'J.K. Simmons, ', 'Rebecca Front', '']"
Superhero Movie,"['Drake Bell, ', 'Leslie Nielsen, ', 'Sara Paxton, ', 'Christopher McDonald', '']"
The World's End,"['Simon Pegg, ', 'Nick Frost, ', 'Martin Freeman, ', 'Rosamund Pike', '']"
Murder Mystery,"['Adam Sandler, ', 'Jennifer Aniston, ', 'Luke Evans, ', 'Terence Stamp', '']"
Lupin,"['Omar Sy, ', 'Ludivine Sagnier, ', 'Hervé Pierre, ', 'Soufiane Guerrab', '']"
Super 8,"['Elle Fanning, ', 'AJ Michalka, ', 'Kyle Chandler, ', 'Joel Courtney', '']"
Shinseiki Evangelion,"['Megumi Ogata, ', 'Megumi Hayashibara, ', 'Kotono Mitsuishi, ', 'Spike Spencer', '']"
Red Dead Redemption II,"['Benjamin Byron Davis, ', 'Roger Clark, ', 'Rob Wiethoff, ', 'Cali Elizabeth Moore', '']"
Creed,"['Michael B. Jordan, ', 'Sylvester Stallone, ', 'Tessa Thompson, ', 'Phylicia Rashad', '']"
Kaleidoscope,"['Giancarlo Esposito, ', 'Rufus Sewell, ', 'Paz Vega, ', 'Rosaline Elbay', '']"
Beverly Hills Cop,"['Eddie Murphy, ', 'Judge Reinhold, ', 'John Ashton, ', 'Lisa Eilbacher', '']"
Shadowhunters: The Mortal Instruments,"['Katherine McNamara, ', 'Dominic Sherwood, ', 'Alberto Rosende, ', 'Matthew Daddario', '']"
National Treasure,"['Nicolas Cage, ', 'Diane Kruger, ', 'Justin Bartha, ', 'Sean Bean', '']"
X-Men: The Last Stand,"['Patrick Stewart, ', 'Hugh Jackman, ', 'Halle Berry, ', 'Famke Janssen', '']"
Lone Survivor,"['Mark Wahlberg, ', 'Taylor Kitsch, ', 'Emile Hirsch, ', 'Ben Foster', '']"
Captain Underpants: The First Epic Movie,"['Kevin Hart, ', 'Thomas Middleditch, ', 'Ed Helms, ', 'Nick Kroll', '']"
G.I. Joe: The Rise of Cobra,"['Dennis Quaid, ', 'Channing Tatum, ', 'Marlon Wayans, ', 'Adewale Akinnuoye-Agbaje', '']"
The Life Aquatic with Steve Zissou,"['Bill Murray, ', 'Owen Wilson, ', 'Anjelica Huston, ', 'Cate Blanchett', '']"
The Falcon and the Winter Soldier,"['Anthony Mackie, ', 'Sebastian Stan, ', 'Wyatt Russell, ', 'Erin Kellyman', '']"
John Carter,"['Taylor Kitsch, ', 'Lynn Collins, ', 'Willem Dafoe, ', 'Samantha Morton', '']"
American Gladiators,"['Mike Adamle, ', 'Jim Starr, ', 'Raye Hollitt, ', 'Larry Thompson', '']"
Gamer,"['Gerard Butler, ', 'Michael C. Hall, ', 'Ludacris, ', 'Amber Valletta', '']"
Hitman's Wife's Bodyguard,"['Ryan Reynolds, ', 'Samuel L. Jackson, ', 'Salma Hayek, ', 'Antonio Banderas', '']"
Quantum Leap,"['Scott Bakula, ', 'Dean Stockwell, ', 'Deborah Pratt, ', 'Dennis Wolfberg', '']"
Men in Black 3,"['Will Smith, ', 'Tommy Lee Jones, ', 'Josh Brolin, ', 'Jemaine Clement', '']"
Oldboy,"['Josh Brolin, ', 'Elizabeth Olsen, ', 'Samuel L. Jackson, ', 'Sharlto Copley', '']"
Young Hercules,"['Ryan Gosling, ', ""Dean O'Gorman, "", 'Chris Conrad, ', 'Jodie Rimmer', '']"
I Am Legend,"['Will Smith, ', 'Alice Braga, ', 'Charlie Tahan, ', 'Salli Richardson-Whitfield', '']"
Hwan Hon,"['Jae-Wook Lee, ', 'Min-Hyun Hwang, ', 'Joon-Sang Yoo, ', 'Na-ra Oh', '']"
Called to Duty,"['Joseph Baena, ', 'Susannah Jane, ', 'Cabrina Collesides, ', 'Brandi Mosko', '']"
Sucker Punch,"['Emily Browning, ', 'Vanessa Hudgens, ', 'Abbie Cornish, ', 'Jena Malone', '']"
Godzilla,"['Aaron Taylor-Johnson, ', 'Elizabeth Olsen, ', 'Bryan Cranston, ', 'Ken Watanabe', '']"
The Wolverine,"['Hugh Jackman, ', 'Will Yun Lee, ', 'Tao Okamoto, ', 'Rila Fukushima', '']"
Law Abiding Citizen,"['Gerard Butler, ', 'Jamie Foxx, ', 'Leslie Bibb, ', 'Colm Meaney', '']"
Strike Back,"['Philip Winchester, ', 'Sullivan Stapleton, ', 'Michelle Lukes, ', 'Daniel MacPherson', '']"
Spy,"['Melissa McCarthy, ', 'Rose Byrne, ', 'Jude Law, ', 'Jason Statham', '']"
The Italian Job,"['Donald Sutherland, ', 'Mark Wahlberg, ', 'Edward Norton, ', 'Charlize Theron', '']"
Henry Danger,"['Jace Norman, ', 'Cooper Barnes, ', 'Riele Downs, ', 'Sean Ryan Fox', '']"
Treason,"['Olga Kurylenko, ', 'Oona Chaplin, ', 'Ciarán Hinds, ', 'Charlie Cox', '']"
American Born Chinese,"['Ben Wang, ', 'Yann Yann Yeo, ', 'Chin Han, ', 'Jimmy Liu', '']"
Resident Evil: Welcome to Raccoon City,"['Kaya Scodelario, ', 'Robbie Amell, ', 'Hannah John-Kamen, ', 'Tom Hopper', '']"
Tehran,"['Niv Sultan, ', 'Shaun Toub, ', 'Shervin Alenabi, ', 'Yoalah Brinson', '']"
Die Hard with a Vengeance,"['Bruce Willis, ', 'Jeremy Irons, ', 'Samuel L. Jackson, ', 'Graham Greene', '']"
The Equalizer,"['Queen Latifah, ', 'Tory Kittles, ', 'Adam Goldberg, ', 'Liza Lapira', '']"
The Collective,"['Ruby Rose, ', 'Don Johnson, ', 'Lucas Till, ', 'Paul Ben-Victor', '']"
"I, Robot","['Will Smith, ', 'Bridget Moynahan, ', 'Bruce Greenwood, ', 'Alan Tudyk', '']"
MacGyver,"['Lucas Till, ', 'Tristin Mays, ', 'Justin Hires, ', 'Meredith Eaton', '']"
Pancho Villa. El Centauro del Norte,"['Jorge A. Jimenez, ', 'Pablo Abitia, ', 'Marco Treviño, ', 'Josue Guerra', '']"
Kingdom of the Planet of the Apes,"['Freya Allan, ', 'Dichen Lachman, ', 'Kevin Durand, ', 'William H. Macy', '']"
Tokyo Revengers,"['Griffin Puatu, ', ""Darren O'Hare, "", 'Nicolas Roye, ', 'Tatsuhisa Suzuki', '']"
Boruto: Naruto Next Generations,"['Yûko Sanpei, ', 'Kokoro Kikuchi, ', 'Amanda Céline Miller, ', 'Ryûichi Kijima', '']"
The Quick and the Dead,"['Sharon Stone, ', 'Gene Hackman, ', 'Russell Crowe, ', 'Leonardo DiCaprio', '']"
Avengers: The Kang Dynasty,"['Hailee Steinfeld, ', 'Kathryn Newton, ', 'Anthony Mackie, ', 'Paul Rudd', '']"
Shooter,"['Ryan Phillippe, ', 'Shantel VanSanten, ', 'Cynthia Addai-Robinson, ', 'Omar Epps', '']"
The Last Man on Earth,"['Will Forte, ', 'January Jones, ', 'Cleopatra Coleman, ', 'Kristen Schaal', '']"
Fast & Furious Presents: Hobbs & Shaw,"['Dwayne Johnson, ', 'Jason Statham, ', 'Idris Elba, ', 'Vanessa Kirby', '']"
Madame Web,"['Isabela Merced, ', 'Sydney Sweeney, ', 'Emma Roberts, ', 'Dakota Johnson', '']"
Tag,"['Jeremy Renner, ', 'Ed Helms, ', 'Jake Johnson, ', 'Jon Hamm', '']"
Beast,"['Liyabuya Gongo, ', 'Martin Munro, ', 'Daniel Hadebe, ', 'Thapelo Sebogodi', '']"
Men in Black II,"['Tommy Lee Jones, ', 'Will Smith, ', 'Rip Torn, ', 'Lara Flynn Boyle', '']"
Underworld,"['Kate Beckinsale, ', 'Scott Speedman, ', 'Shane Brolly, ', 'Michael Sheen', '']"
Mad Max 2,"['Mel Gibson, ', 'Bruce Spence, ', 'Michael Preston, ', 'Max Phipps', '']"
Serenity,"['Nathan Fillion, ', 'Gina Torres, ', 'Chiwetel Ejiofor, ', 'Alan Tudyk', '']"
Gyeongiroun Somun,"['Byeong-gyu Jo, ', 'Joon-Sang Yoo, ', 'Se-Jeong Kim, ', 'Yeom Hye-ran', '']"
Public Enemies,"['Christian Bale, ', 'Johnny Depp, ', 'Christian Stolte, ', 'Jason Clarke', '']"
Fast Five,"['Vin Diesel, ', 'Paul Walker, ', 'Dwayne Johnson, ', 'Jordana Brewster', '']"
Big Hero 6,"['Ryan Potter, ', 'Scott Adsit, ', 'Jamie Chung, ', 'T.J. Miller', '']"
Grand Theft Auto V,"['Shawn Fonteno, ', 'Ned Luke, ', 'Steven Ogg, ', ""Gerald 'Slink' Johnson"", '']"
Kong: Skull Island,"['Tom Hiddleston, ', 'Samuel L. Jackson, ', 'Brie Larson, ', 'John C. Reilly', '']"
Teen Titans,"['Hynden Walch, ', 'Greg Cipes, ', 'Scott Menville, ', 'Khary Payton', '']"
Long ma jing shen,"['Jackie Chan, ', 'Haocun Liu, ', 'Kevin Guo, ', 'Yueting Lang', '']"
Rango,"['Johnny Depp, ', 'Isla Fisher, ', 'Timothy Olyphant, ', 'Abigail Breslin', '']"
Dark Phoenix,"['James McAvoy, ', 'Michael Fassbender, ', 'Jennifer Lawrence, ', 'Nicholas Hoult', '']"
The Last Boy Scout,"['Bruce Willis, ', 'Damon Wayans, ', 'Chelsea Field, ', 'Noble Willingham', '']"
Superman Returns,"['Brandon Routh, ', 'Kevin Spacey, ', 'Kate Bosworth, ', 'James Marsden', '']"
Clash of the Titans,"['Laurence Olivier, ', 'Harry Hamlin, ', 'Claire Bloom, ', 'Maggie Smith', '']"
Raya and the Last Dragon,"['Kelly Marie Tran, ', 'Awkwafina, ', 'Gemma Chan, ', 'Izaac Wang', '']"
The Bourne Legacy,"['Jeremy Renner, ', 'Rachel Weisz, ', 'Edward Norton, ', 'Scott Glenn', '']"
Thor: The Dark World,"['Chris Hemsworth, ', 'Natalie Portman, ', 'Tom Hiddleston, ', 'Stellan Skarsgård', '']"
Total Recall,"['Colin Farrell, ', 'Bokeem Woodbine, ', 'Bryan Cranston, ', 'Kate Beckinsale', '']"
For Your Eyes Only,"['Roger Moore, ', 'Carole Bouquet, ', 'Topol, ', 'Lynn-Holly Johnson', '']"
Gadar 2,"['Sunny Deol, ', 'Ameesha Patel, ', 'Utkarsh Sharma, ', 'Rohit Choudhary', '']"
Farscape,"['Ben Browder, ', 'Claudia Black, ', 'Anthony Simcoe, ', 'Lani John Tupu', '']"
Chronicle,"['Dane DeHaan, ', 'Alex Russell, ', 'Michael B. Jordan, ', 'Michael Kelly', '']"
Ragnarok,"['David Stakston, ', 'Jonas Strand Gravli, ', 'Herman Tømmeraas, ', 'Theresa Frostad Eggesbø', '']"
Retfærdighedens ryttere,"['Mads Mikkelsen, ', 'Nikolaj Lie Kaas, ', 'Andrea Heick Gadeberg, ', 'Lars Brygmann', '']"
Quantum of Solace,"['Daniel Craig, ', 'Olga Kurylenko, ', 'Mathieu Amalric, ', 'Judi Dench', '']"
Falling Down,"['Michael Douglas, ', 'Robert Duvall, ', 'Barbara Hershey, ', 'Rachel Ticotin', '']"
The Old Guard,"['Charlize Theron, ', 'KiKi Layne, ', 'Matthias Schoenaerts, ', 'Marwan Kenzari', '']"
Den of Thieves,"['Gerard Butler, ', 'Pablo Schreiber, ', ""O'Shea Jackson Jr., "", '50 Cent', '']"
Maximum Overdrive,"['Emilio Estevez, ', 'Pat Hingle, ', 'Laura Harrington, ', 'Yeardley Smith', '']"
Atomic Blonde,"['Charlize Theron, ', 'James McAvoy, ', 'John Goodman, ', 'Eddie Marsan', '']"
Ang-ma-reul bo-at-da,"['Lee Byung-hun, ', 'Choi Min-sik, ', 'Jeon Gook-hwan, ', 'Ho-jin Chun', '']"
Ghostbusters,"['Melissa McCarthy, ', 'Kristen Wiig, ', 'Kate McKinnon, ', 'Leslie Jones', '']"
The Lord of the Rings: The War of the Rohirrim,"['Brian Cox, ', 'Miranda Otto, ', 'Shaun Dooley, ', 'Luke Pasqualino', '']"
Hanna,"['Saoirse Ronan, ', 'Cate Blanchett, ', 'Eric Bana, ', 'Vicky Krieps', '']"
Dragonball Evolution,"['Justin Chatwin, ', 'James Marsters, ', 'Chow Yun-Fat, ', 'Emmy Rossum', '']"
White House Down,"['Channing Tatum, ', 'Jamie Foxx, ', 'Maggie Gyllenhaal, ', 'Jason Clarke', '']"
Free Fire,"['Sharlto Copley, ', 'Brie Larson, ', 'Armie Hammer, ', 'Cillian Murphy', '']"
Outlaw King,"['Chris Pine, ', 'Stephen Dillane, ', 'Rebecca Robin, ', 'Billy Howle', '']"
Creed II,"['Michael B. Jordan, ', 'Sylvester Stallone, ', 'Tessa Thompson, ', 'Phylicia Rashad', '']"
The A-Team,"['George Peppard, ', 'Mr. T, ', 'Dwight Schultz, ', 'Dirk Benedict', '']"
Gemini Man,"['Will Smith, ', 'Mary Elizabeth Winstead, ', 'Clive Owen, ', 'Benedict Wong', '']"
X2,"['Patrick Stewart, ', 'Hugh Jackman, ', 'Halle Berry, ', 'Ian McKellen', '']"
The World Is Not Enough,"['Pierce Brosnan, ', 'Sophie Marceau, ', 'Robert Carlyle, ', 'Denise Richards', '']"
The Matrix Reloaded,"['Keanu Reeves, ', 'Laurence Fishburne, ', 'Carrie-Anne Moss, ', 'Hugo Weaving', '']"
The Wild Wild West,"['Robert Conrad, ', 'Ross Martin, ', 'Dick Cangey, ', 'Whitey Hughes', '']"
RED,"['Bruce Willis, ', 'Helen Mirren, ', 'Morgan Freeman, ', 'Mary-Louise Parker', '']"
The New Mutants,"['Maisie Williams, ', 'Anya Taylor-Joy, ', 'Charlie Heaton, ', 'Alice Braga', '']"
Furiosa,"['Anya Taylor-Joy, ', 'Chris Hemsworth, ', 'Angus Sampson, ', 'Tom Burke', '']"
Rise of the Planet of the Apes,"['James Franco, ', 'Andy Serkis, ', 'Freida Pinto, ', 'Karin Konoval', '']"
Akira,"['Mitsuo Iwata, ', 'Nozomu Sasaki, ', 'Mami Koyama, ', 'Tesshô Genda', '']"
Young Justice,"['Nolan North, ', 'Danica McKellar, ', 'Jesse McCartney, ', 'Stephanie Lemelin', '']"
Agent Carter,"['Hayley Atwell, ', ""James D'Arcy, "", 'Enver Gjokaj, ', 'Chad Michael Murray', '']"
Logan Lucky,"['Channing Tatum, ', 'Adam Driver, ', 'Daniel Craig, ', 'Farrah Mackenzie', '']"
Samaritan,"['Sylvester Stallone, ', ""Javon 'Wanna' Walton, "", 'Pilou Asbæk, ', 'Dascha Polanco', '']"
The Librarians,"['Rebecca Romijn, ', 'Christian Kane, ', 'Lindy Booth, ', 'John Harlan Kim', '']"
The Mummy Returns,"['Brendan Fraser, ', 'Rachel Weisz, ', 'John Hannah, ', 'Arnold Vosloo', '']"
Vertical Limit,"['Scott Glenn, ', ""Chris O'Donnell, "", 'Bill Paxton, ', 'Robin Tunney', '']"
Infinite,"['Mark Wahlberg, ', 'Chiwetel Ejiofor, ', 'Sophie Cookson, ', ""Dylan O'Brien"", '']"
Jack Reacher: Never Go Back,"['Tom Cruise, ', 'Cobie Smulders, ', 'Aldis Hodge, ', 'Robert Knepper', '']"
Kingdom II: Harukanaru Daichi e,"['Kento Yamazaki, ', 'Ryô Yoshizawa, ', 'Kanna Hashimoto, ', 'Nana Seino', '']"
The Lego Batman Movie,"['Will Arnett, ', 'Michael Cera, ', 'Rosario Dawson, ', 'Ralph Fiennes', '']"
Nikita,"['Maggie Q, ', 'Shane West, ', 'Lyndsy Fonseca, ', 'Aaron Stanford', '']"
The Roundup: No Way Out,"['Ma Dong-seok, ', 'Lee Jun-hyuk, ', 'Munetaka Aoki, ', 'Se-ho Ahn', '']"
Deja Vu,"['Denzel Washington, ', 'Paula Patton, ', 'Jim Caviezel, ', 'Val Kilmer', '']"
Dragon Ball Super: Super Hero,"['Masako Nozawa, ', 'Aya Hisakawa, ', 'Ryô Horikawa, ', 'Takeshi Kusao', '']"
Perfect Addiction,"['Manu Bennett, ', 'Ryan Bown, ', 'Ross Butler, ', 'Alex Czerwinski', '']"
Spy x Family,"['Noucky Andriansyah, ', 'Takuya Eguchi, ', 'Atsumi Tanezaki, ', 'Megan Shipman', '']"
Charlie's Angels,"['Cameron Diaz, ', 'Drew Barrymore, ', 'Lucy Liu, ', 'Bill Murray', '']"
Red One,"['Dwayne Johnson, ', 'Chris Evans, ', 'Kiernan Shipka, ', 'J.K. Simmons', '']"
22 Jump Street,"['Channing Tatum, ', 'Jonah Hill, ', 'Ice Cube, ', 'Nick Offerman', '']"
Deepwater Horizon,"['Mark Wahlberg, ', 'Kurt Russell, ', 'Douglas M. Griffin, ', 'James DuMont', '']"
Enola Holmes 2,"['Millie Bobby Brown, ', 'Henry Cavill, ', 'David Thewlis, ', 'Louis Partridge', '']"
The Harder They Fall,"['Jonathan Majors, ', 'Zazie Beetz, ', 'RJ Cyler, ', 'Edi Gathegi', '']"
Day Shift,"['Jamie Foxx, ', 'Dave Franco, ', 'Natasha Liu Bordizzo, ', 'Meagan Good', '']"
Bungou Stray Dogs,"['Mamoru Miyano, ', 'Yûto Uemura, ', 'Yoshimasa Hosoya, ', 'Kaiji Tang', '']"
Army of Thieves,"['Matthias Schweighöfer, ', 'Nathalie Emmanuel, ', 'Ruby O. Fee, ', 'Stuart Martin', '']"
Layer Cake,"['Daniel Craig, ', 'Sienna Miller, ', 'Michael Gambon, ', 'Tom Hardy', '']"
The Expendables,"['Sylvester Stallone, ', 'Jason Statham, ', 'Jet Li, ', 'Dolph Lundgren', '']"
Into the Badlands,"['Daniel Wu, ', 'Orla Brady, ', 'Emily Beecham, ', 'Aramis Knight', '']"
Crank,"['Jason Statham, ', 'Amy Smart, ', 'Carlos Sanz, ', 'Jose Pablo Cantillo', '']"
Teenage Mutant Ninja Turtles,"['Cam Clarke, ', 'Barry Gordon, ', 'Rob Paulsen, ', 'Townsend Coleman', '']"
The Fate of the Furious,"['Vin Diesel, ', 'Jason Statham, ', 'Dwayne Johnson, ', 'Michelle Rodriguez', '']"
Pokémon: Detective Pikachu,"['Ryan Reynolds, ', 'Justice Smith, ', 'Kathryn Newton, ', 'Bill Nighy', '']"
Lightyear,"['Chris Evans, ', 'Keke Palmer, ', 'Peter Sohn, ', 'Taika Waititi', '']"
The Hunt for Red October,"['Sean Connery, ', 'Alec Baldwin, ', 'Scott Glenn, ', 'Sam Neill', '']"
The Family Man,"['Manoj Bajpayee, ', 'Samantha Ruth Prabhu, ', 'Priyamani, ', 'Sharib Hashmi', '']"
The Avengers,"['Patrick Macnee, ', 'Diana Rigg, ', 'Honor Blackman, ', 'Linda Thorson', '']"
Warrior Nun,"['Alba Baptista, ', 'Kristina Tonteri-Young, ', 'Lorena Andrea, ', 'Tristán Ulloa', '']"
The Winchesters,"['Meg Donnelly, ', 'Drake Rodger, ', 'Nida Khurshid, ', 'Jojo Fleites', '']"
Safe House,"['Denzel Washington, ', 'Ryan Reynolds, ', 'Robert Patrick, ', 'Vera Farmiga', '']"
Dredd,"['Karl Urban, ', 'Olivia Thirlby, ', 'Lena Headey, ', 'Rachel Wood', '']"
Hellboy,"['David Harbour, ', 'Milla Jovovich, ', 'Ian McShane, ', 'Sasha Lane', '']"
The Island,"['Scarlett Johansson, ', 'Ewan McGregor, ', 'Djimon Hounsou, ', 'Steve Buscemi', '']"
Fallen,"['Denzel Washington, ', 'John Goodman, ', 'Donald Sutherland, ', 'Embeth Davidtz', '']"
San Andreas,"['Dwayne Johnson, ', 'Carla Gugino, ', 'Alexandra Daddario, ', 'Colton Haynes', '']"
Death Wish,"['Bruce Willis, ', ""Vincent D'Onofrio, "", 'Elisabeth Shue, ', 'Camila Morrone', '']"
Ghost in the Shell,"['Scarlett Johansson, ', 'Pilou Asbæk, ', 'Takeshi Kitano, ', 'Juliette Binoche', '']"
AKA,"['Alban Lenoir, ', 'Eric Cantona, ', 'Thibault de Montalembert, ', 'Sveva Alviti', '']"
Teenage Mutant Ninja Turtles II: The Secret of the Ooze,"['Paige Turco, ', 'David Warner, ', 'Michelan Sisti, ', 'Leif Tilden', '']"
Cloverfield,"['Mike Vogel, ', 'Jessica Lucas, ', 'Lizzy Caplan, ', 'T.J. Miller', '']"
12 Strong,"['Chris Hemsworth, ', 'Michael Shannon, ', 'Michael Peña, ', 'Navid Negahban', '']"
Now You See Me 2,"['Jesse Eisenberg, ', 'Mark Ruffalo, ', 'Woody Harrelson, ', 'Dave Franco', '']"
Kick-Ass 2,"['Aaron Taylor-Johnson, ', 'Chloë Grace Moretz, ', 'Christopher Mintz-Plasse, ', 'Jim Carrey', '']"
The Quarry,"['Siobhan Williams, ', 'Skyler Gisondo, ', 'Ted Raimi, ', 'Grace Zabriskie', '']"
Patriot Games,"['Harrison Ford, ', 'Sean Bean, ', 'Anne Archer, ', 'Patrick Bergin', '']"
Furious 6,"['Vin Diesel, ', 'Paul Walker, ', 'Dwayne Johnson, ', 'Michelle Rodriguez', '']"
Don't Breathe 2,"['Stephen Lang, ', 'Madelyn Grace, ', 'Brendan Sexton III, ', 'Adam Young', '']"
Spiderhead,"['Chris Hemsworth, ', 'Miles Teller, ', 'Jurnee Smollett, ', 'Mark Paguio', '']"
Bad Boys 4,"['Will Smith, ', 'Alexander Ludwig, ', 'Vanessa Hudgens, ', 'Rhea Seehorn', '']"
The Dukes of Hazzard,"['Tom Wopat, ', 'John Schneider, ', 'Catherine Bach, ', 'Denver Pyle', '']"
Planet Terror,"['Rose McGowan, ', 'Freddy Rodríguez, ', 'Josh Brolin, ', 'Marley Shelton', '']"
The League of Extraordinary Gentlemen,"['Sean Connery, ', 'Stuart Townsend, ', 'Peta Wilson, ', 'Jason Flemyng', '']"
Jurassic Park III,"['Sam Neill, ', 'William H. Macy, ', 'Téa Leoni, ', 'Alessandro Nivola', '']"
Gintama,"['Tomokazu Sugita, ', 'Daisuke Sakaguchi, ', 'Rie Kugimiya, ', 'Kazuya Nakai', '']"
Teen Wolf: The Movie,"['Tyler Posey, ', 'Crystal Reed, ', 'Holland Roden, ', 'Tyler Hoechlin', '']"
FBI: International,"['Luke Kleintank, ', 'Heida Reed, ', 'Carter Redwood, ', 'Vinessa Vidotto', '']"
The Nevers,"['Laura Donnelly, ', 'Ann Skelly, ', 'Olivia Williams, ', 'James Norton', '']"
Atlantis: The Lost Empire,"['Michael J. Fox, ', 'Jim Varney, ', 'Corey Burton, ', 'Claudia Christian', '']"
Lockwood & Co.,"['Ruby Stokes, ', 'Cameron Chapman, ', 'Ali Hadji-Heshmati, ', 'Jack Bandeira', '']"
The Bourne Ultimatum,"['Matt Damon, ', 'Edgar Ramírez, ', 'Joan Allen, ', 'Julia Stiles', '']"
Bad Boys,"['Will Smith, ', 'Martin Lawrence, ', 'Lisa Boyle, ', 'Michael Taliferro', '']"
RoboCop,"['Joel Kinnaman, ', 'Gary Oldman, ', 'Michael Keaton, ', 'Abbie Cornish', '']"
Tomorrowland,"['George Clooney, ', 'Britt Robertson, ', 'Hugh Laurie, ', 'Raffey Cassidy', '']"
Demolition Man,"['Sylvester Stallone, ', 'Wesley Snipes, ', 'Sandra Bullock, ', 'Nigel Hawthorne', '']"
The Last Airbender,"['Noah Ringer, ', 'Nicola Peltz Beckham, ', 'Jackson Rathbone, ', 'Dev Patel', '']"
Last Seen Alive,"['Gerard Butler, ', 'Jaimie Alexander, ', 'Russell Hornsby, ', 'Ethan Embry', '']"
Masters of the Universe,"['Dolph Lundgren, ', 'Frank Langella, ', 'Meg Foster, ', 'Billy Barty', '']"
Godzilla: King of the Monsters,"['Kyle Chandler, ', 'Vera Farmiga, ', 'Millie Bobby Brown, ', 'Ken Watanabe', '']"
Men in Black: International,"['Chris Hemsworth, ', 'Tessa Thompson, ', 'Kumail Nanjiani, ', 'Rebecca Ferguson', '']"
Terminator Salvation,"['Christian Bale, ', 'Sam Worthington, ', 'Anton Yelchin, ', 'Moon Bloodgood', '']"
Lethal Weapon 5,"['Mel Gibson, ', 'Danny Glover, ', 'Bob Jennings', '']"
Fate: The Winx Saga,"['Abigail Cowen, ', 'Hannah van der Westhuysen, ', 'Precious Mustapha, ', 'Eliot Salt', '']"
The Running Man,"['Arnold Schwarzenegger, ', 'Maria Conchita Alonso, ', 'Yaphet Kotto, ', 'Jim Brown', '']"
Exodus: Gods and Kings,"['Christian Bale, ', 'Joel Edgerton, ', 'Ben Kingsley, ', 'Sigourney Weaver', '']"
Emancipation,"['Will Smith, ', 'Ben Foster, ', 'Charmaine Bingwa, ', 'Gilbert Owuor', '']"
One Piece Film Red,"['Mayumi Tanaka, ', 'Kazuya Nakai, ', 'Akemi Okamura, ', 'Kappei Yamaguchi', '']"
Mad Max Beyond Thunderdome,"['Mel Gibson, ', 'Tina Turner, ', 'Bruce Spence, ', 'Adam Cockburn', '']"
Smokey and the Bandit,"['Burt Reynolds, ', 'Sally Field, ', 'Jerry Reed, ', 'Mike Henry', '']"
Mandy,"['Nicolas Cage, ', 'Andrea Riseborough, ', 'Linus Roache, ', 'Ned Dennehy', '']"
Escape from New York,"['Kurt Russell, ', 'Lee Van Cleef, ', 'Ernest Borgnine, ', 'Donald Pleasence', '']"
G.I. Joe: Retaliation,"['Dwayne Johnson, ', 'Channing Tatum, ', 'Adrianne Palicki, ', 'Lee Byung-hun', '']"
Romancing the Stone,"['Michael Douglas, ', 'Kathleen Turner, ', 'Danny DeVito, ', 'Zack Norman', '']"
Gunpowder Milkshake,"['Karen Gillan, ', 'Lena Headey, ', 'Carla Gugino, ', 'Michelle Yeoh', '']"
Black Summer,"['Jaime King, ', 'Justin Chu Cary, ', 'Christine Lee, ', 'Zoe Marlett', '']"
Blade,"['Mia Goth, ', 'Mahershala Ali, ', 'Delroy Lindo, ', 'Aaron Pierre', '']"
The Contractor,"['Chris Pine, ', 'Gillian Jacobs, ', 'Sander Thomas, ', 'Toby Dixon', '']"
Commando,"['Arnold Schwarzenegger, ', 'Rae Dawn Chong, ', 'Dan Hedaya, ', 'Vernon Wells', '']"
Everest,"['Jason Clarke, ', 'Ang Phula Sherpa, ', 'Thomas M. Wright, ', 'Martin Henderson', '']"
Hercules,"['Dwayne Johnson, ', 'John Hurt, ', 'Ian McShane, ', 'Joseph Fiennes', '']"
Sonic Prime,"['Deven Christian Mack, ', 'Kazumi Evans, ', 'Shannon Chan-Kent, ', 'Ashleigh Ball', '']"
Lethal Weapon,"['Damon Wayans, ', 'Keesha Sharp, ', 'Kevin Rahm, ', 'Michelle Mitchenor', '']"
Godzilla x Kong: The New Empire,"['Dan Stevens, ', 'Rebecca Hall, ', 'Brian Tyree Henry, ', 'Rachel House', '']"
The Punisher,"['Thomas Jane, ', 'John Travolta, ', 'Samantha Mathis, ', 'Laura Harring', '']"
300: Rise of an Empire,"['Sullivan Stapleton, ', 'Eva Green, ', 'Lena Headey, ', 'Hans Matheson', '']"
Kickboxer,"['Jean-Claude Van Damme, ', 'Dennis Alexio, ', 'Dennis Chan, ', 'Michel Qissi', '']"
The A-Team,"['Liam Neeson, ', 'Bradley Cooper, ', 'Sharlto Copley, ', 'Jessica Biel', '']"
Pain & Gain,"['Mark Wahlberg, ', 'Dwayne Johnson, ', 'Anthony Mackie, ', 'Tony Shalhoub', '']"
Mortal Kombat,"['Christopher Lambert, ', 'Robin Shou, ', 'Linden Ashby, ', 'Cary-Hiroyuki Tagawa', '']"
Team America: World Police,"['Trey Parker, ', 'Matt Stone, ', 'Elle Russ, ', 'Kristen Miller', '']"
Gekijouban Jujutsu Kaisen 0,"['Chinatsu Akasaki, ', 'Aya Endô, ', 'Kana Hanazawa, ', 'Show Hayami', '']"
TMNT,"['Patrick Stewart, ', 'Mako, ', 'Chris Evans, ', 'Sarah Michelle Gellar', '']"
Dr. No,"['Sean Connery, ', 'Ursula Andress, ', 'Bernard Lee, ', 'Joseph Wiseman', '']"
Miss Congeniality,"['Sandra Bullock, ', 'Michael Caine, ', 'Benjamin Bratt, ', 'Candice Bergen', '']"
Polite Society,"['Priya Kansara, ', 'Ritu Arya, ', 'Renu Brindle, ', 'Rekha John-Cheriyan', '']"
Retribution,"['Matthew Modine, ', 'Liam Neeson, ', 'Jack Champion, ', 'Embeth Davidtz', '']"
Covert Affairs,"['Piper Perabo, ', 'Christopher Gorham, ', 'Kari Matchett, ', 'Peter Gallagher', '']"
A History of Violence,"['Viggo Mortensen, ', 'Maria Bello, ', 'Ed Harris, ', 'William Hurt', '']"
Terminator: The Sarah Connor Chronicles,"['Lena Headey, ', 'Thomas Dekker, ', 'Summer Glau, ', 'Richard T. Jones', '']"
Binsenjo,"['Song Joong-ki, ', 'Jeon Yeo-been, ', 'Taecyeon, ', 'Kwak Dong-yeon', '']"
Oegye+in 1bu,"['Yoon Byung-hee, ', 'Lee Dong-Hee, ', 'Kim Eui-sung, ', 'Shim Dal Gi', '']"
Ant-Man and the Wasp,"['Paul Rudd, ', 'Evangeline Lilly, ', 'Michael Peña, ', 'Walton Goggins', '']"
Monster Hunter,"['Milla Jovovich, ', 'Tony Jaa, ', 'Ron Perlman, ', 'T.I.', '']"
Shantaram,"['Charlie Hunnam, ', 'Fayssal Bazzi, ', 'Sujaya Dasgupta, ', 'Antonia Desplat', '']"
Disenchantment,"['Abbi Jacobson, ', 'Eric André, ', 'Nat Faxon, ', 'John DiMaggio', '']"
True History of the Kelly Gang,"['George MacKay, ', 'Essie Davis, ', 'Nicholas Hoult, ', 'Ben Corbett', '']"
Rambo: First Blood Part II,"['Sylvester Stallone, ', 'Richard Crenna, ', 'Charles Napier, ', 'Steven Berkoff', '']"
Mannix,"['Mike Connors, ', 'Gail Fisher, ', 'Ward Wood, ', 'Ron Nyman', '']"
V,"['Marc Singer, ', 'Faye Grant, ', 'Michael Ironside, ', 'Jane Badler', '']"
Serbuan maut,"['Iko Uwais, ', 'Ananda George, ', 'Ray Sahetapy, ', 'Donny Alamsyah', '']"
Geostorm,"['Gerard Butler, ', 'Jim Sturgess, ', 'Abbie Cornish, ', 'Alexandra Maria Lara', '']"
End of Watch,"['Jake Gyllenhaal, ', 'Michael Peña, ', 'Anna Kendrick, ', 'America Ferrera', '']"
Marco Polo,"['Lorenzo Richelmy, ', 'Benedict Wong, ', 'Joan Chen, ', 'Remy Hii', '']"
You Don't Mess with the Zohan,"['Adam Sandler, ', 'John Turturro, ', 'Emmanuelle Chriqui, ', 'Nick Swardson', '']"
Knowing,"['Nicolas Cage, ', 'Chandler Canterbury, ', 'Rose Byrne, ', 'Lara Robinson', '']"
The Sum of All Fears,"['Ben Affleck, ', 'Morgan Freeman, ', 'Ian Mongrain, ', 'Russell Bobbitt', '']"
Independence Day: Resurgence,"['Liam Hemsworth, ', 'Jeff Goldblum, ', 'Bill Pullman, ', 'Maika Monroe', '']"
Air Force One,"['Harrison Ford, ', 'Gary Oldman, ', 'Glenn Close, ', 'Wendy Crewson', '']"
Open Range,"['Kevin Costner, ', 'Robert Duvall, ', 'Diego Luna, ', 'Abraham Benrubi', '']"
Strange World,"['Jake Gyllenhaal, ', 'Jaboukie Young-White, ', 'Gabrielle Union, ', 'Dennis Quaid', '']"
Machete,"['Danny Trejo, ', 'Michelle Rodriguez, ', 'Robert De Niro, ', 'Jessica Alba', '']"
Central Intelligence,"['Dwayne Johnson, ', 'Kevin Hart, ', 'Danielle Nicolet, ', 'Amy Ryan', '']"
Bad Boys for Life,"['Will Smith, ', 'Martin Lawrence, ', 'Vanessa Hudgens, ', 'Alexander Ludwig', '']"
Rush Hour 2,"['Jackie Chan, ', 'Chris Tucker, ', 'John Lone, ', 'Ziyi Zhang', '']"
Wonder Woman,"['Lynda Carter, ', 'Lyle Waggoner, ', 'Tom Kratochvil, ', 'Richard Eastham', '']"
The Three Musketeers,"['Charlie Sheen, ', 'Kiefer Sutherland, ', ""Chris O'Donnell, "", 'Oliver Platt', '']"
Dragon Ball Super: Doragon bôru cho,"['Masako Nozawa, ', 'Naoki Tatsuta, ', 'Sean Schemmel, ', 'Ryô Horikawa', '']"
Joy Ride,"['Steve Zahn, ', 'Paul Walker, ', 'Leelee Sobieski, ', 'Jessica Bowman', '']"
The Hitman's Bodyguard,"['Ryan Reynolds, ', 'Samuel L. Jackson, ', 'Gary Oldman, ', 'Elodie Yung', '']"
Mafia Mamma,"['Toni Collette, ', 'Monica Bellucci, ', 'Sophia Nomvete, ', 'Alessandro Bressanello', '']"
Bronson,"['Tom Hardy, ', 'Kelly Adams, ', 'Luing Andrews, ', 'Katy Barker', '']"
Die Another Day,"['Pierce Brosnan, ', 'Halle Berry, ', 'Rosamund Pike, ', 'Toby Stephens', '']"
Dog Soldiers,"['Sean Pertwee, ', 'Kevin McKidd, ', 'Emma Cleasby, ', 'Liam Cunningham', '']"
Real Steel,"['Hugh Jackman, ', 'Evangeline Lilly, ', 'Dakota Goyo, ', 'Anthony Mackie', '']"
Ben 10,"['Tara Strong, ', 'Paul Eiding, ', 'Meagan Moore, ', 'Dee Bradley Baker', '']"
The Young Indiana Jones Chronicles,"['Sean Patrick Flanery, ', 'George Hall, ', 'Corey Carrier, ', 'Ronny Coutteure', '']"
Dirty Harry,"['Clint Eastwood, ', 'Andrew Robinson, ', 'Harry Guardino, ', 'Reni Santoni', '']"
Haita de actiune,"['Matei Dima, ', 'Antonia Iacobescu, ', 'Mugur Mihaescu, ', 'Anca Dumitra', '']"
We Can Be Heroes,"['YaYa Gosselin, ', 'Pedro Pascal, ', 'Priyanka Chopra Jonas, ', 'Lyon Daniels', '']"
Love and Monsters,"[""Dylan O'Brien, "", 'Jessica Henwick, ', 'Michael Rooker, ', 'Dan Ewing', '']"
Lou,"['Allison Janney, ', 'Jurnee Smollett, ', 'Logan Marshall-Green, ', 'Ridley Asha Bateman', '']"
Final Fantasy XVI,"['Ben Starr, ', 'Yûya Uchida, ', 'Yuma Uchida, ', 'Susannah Fielding', '']"
Çukur,"['Aras Bulut Iynemli, ', 'Erkan Kolçak Köstendil, ', 'Riza Kocaoglu, ', 'Cem Uslu', '']"
