movie,director
The Witcher,
Mission: Impossible - Dead Reckoning Part One,['Christopher McQuarrie']
Sound of Freedom,['Alejandro Monteverde']
Secret Invasion,
Special Ops: Lioness,
They Cloned Tyrone,['Juel Taylor']
Star Trek: Strange New Worlds,
One Piece,
Twisted Metal,
The Flash,['Andy Muschietti']
Jack Ryan,
Transformers: Rise of the Beasts,['Steven Caple Jr.']
Game of Thrones,
Indiana Jones and the Dial of Destiny,['James Mangold']
Invincible,
The Boys,
The Out-Laws,['Tyler Spindel']
Justified,
Guardians of the Galaxy Vol. 3,['James Gunn']
Spider-Man: Across the Spider-Verse,
The Marvels,['Nia DaCosta']
Teenage Mutant Ninja Turtles: Mutant Mayhem,
Inception,['Christopher Nolan']
Tenet,['Christopher Nolan']
The Dark Knight,['Christopher Nolan']
Guy Ritchie's The Covenant,['Guy Ritchie']
Dunkirk,['Christopher Nolan']
Hidden Strike,['Scott Waugh']
Bawaal,['Nitesh Tiwari']
John Wick: Chapter 4,['Chad Stahelski']
Avatar: The Way of Water,['James Cameron']
Jujutsu Kaisen,
One Piece: Wan pîsu,
Warrior,
The Last of Us,
Dungeons & Dragons: Honor Among Thieves,
The Rookie,
Dune: Part One,['Denis Villeneuve']
Meg 2: The Trench,['Ben Wheatley']
NCIS: Naval Criminal Investigative Service,
Mission: Impossible - Fallout,['Christopher McQuarrie']
Shingeki no Kyojin,
Extraction 2,['Sam Hargrave']
Mission: Impossible,['Brian De Palma']
Miraculous - Le film,['Jeremy Zag']
Fear the Night,['Neil LaBute']
The Batman,['Matt Reeves']
Top Gun: Maverick,['Joseph Kosinski']
The Meg,['Jon Turteltaub']
Gen V,
Resident Evil: Death Island,['Eiichirô Hasumi']
Gran Turismo,['Neill Blomkamp']
Sisu,['Jalmari Helander']
House of the Dragon,
Fast X,['Louis Leterrier']
Reacher,
Star Trek: Lower Decks,
Barry,
"Ruby Gillman, Teenage Kraken",
Almost Paradise,
The Flash,
Nimona,
Vikings,
Dune: Part Two,['Denis Villeneuve']
The Mandalorian,
Paradise,
The Night Agent,
Justice League: Warworld,['Jeff Wamester']
Mission: Impossible - Rogue Nation,['Christopher McQuarrie']
The Dark Knight Rises,['Christopher Nolan']
65,
Napoleon,['Ridley Scott']
Everything Everywhere All at Once,
The Wheel of Time,
Batman Begins,['Christopher Nolan']
The Channel,['William Kaufman']
My Adventures with Superman,
Nobody,['Ilya Naishuller']
Mission: Impossible - Ghost Protocol,['Brad Bird']
Blue Beetle,['Angel Manuel Soto']
Mission: Impossible III,['J.J. Abrams']
Blade Runner 2049,['Denis Villeneuve']
Bullet Train,['David Leitch']
Titans,
Spider-Man: Into the Spider-Verse,
The Dragon Prince,
Mission: Impossible II,['John Woo']
Drive,['Nicolas Winding Refn']
Raiders of the Lost Ark,['Steven Spielberg']
Harley Quinn,
Kimetsu no Yaiba,
Star Trek: The Next Generation,
S.W.A.T.,
Ahsoka,
The Last Kingdom,
God Is a Bullet,['Nick Cassavetes']
The Suicide Squad,['James Gunn']
Spider-Man: No Way Home,['Jon Watts']
Borderlands,['Eli Roth']
FUBAR,
Prison Break,
9/1/2001,
Buffy the Vampire Slayer,
The Hunger Games,['Gary Ross']
The Creator,['Gareth Edwards']
Top Gun,['Tony Scott']
Star Trek: Discovery,
Smallville,
The Lord of the Rings: The Rings of Power,
Avengers: Endgame,
Ant-Man and the Wasp: Quantumania,['Peyton Reed']
Misanthrope,['Damián Szifron']
Miraculous: Tales of Ladybug & Cat Noir,
The Nice Guys,['Shane Black']
Bleach: Sennen Kessen-hen,
Heat,['Michael Mann']
Kalki 2898-AD,['Nag Ashwin']
Kandahar,['Ric Roman Waugh']
Chicago Fire,
The Lord of the Rings: The Fellowship of the Ring,['Peter Jackson']
Bastille Day,['James Watkins']
Person of Interest,
Star Trek,
Andor,
Cobra Kai,
Indiana Jones and the Last Crusade,['Steven Spielberg']
Banshee,
Extraction,['Sam Hargrave']
Suicide Squad,['David Ayer']
Shazam! Fury of the Gods,['David F. Sandberg']
Transformers,['Michael Bay']
Deadpool 3,['Shawn Levy']
Gladiator,['Ridley Scott']
The Continental: From the World of John Wick,
Black Adam,['Jaume Collet-Serra']
La casa de papel,
Guardians of the Galaxy,['James Gunn']
Operation Fortune: Ruse de Guerre,['Guy Ritchie']
Star Trek: Deep Space Nine,
Expend4bles,['Scott Waugh']
Ghosted,['Dexter Fletcher']
The Unbearable Weight of Massive Talent,['Tom Gormican']
Man of Steel,['Zack Snyder']
Jurassic Park,['Steven Spielberg']
The Hunger Games: The Ballad of Songbirds and Snakes,['Francis Lawrence']
Arrow,
Star Trek: Picard,
Mad Max: Fury Road,['George Miller']
Pirates of the Caribbean: The Curse of the Black Pearl,['Gore Verbinski']
Zack Snyder's Justice League,['Zack Snyder']
Venom: Let There Be Carnage,['Andy Serkis']
Plane,['Jean-François Richet']
Indiana Jones and the Temple of Doom,['Steven Spielberg']
Agents of S.H.I.E.L.D.,
Superman & Lois,
Avatar,['James Cameron']
The Umbrella Academy,
The Gray Man,
John Wick,
The Matrix,
Loki,
The Killer,['David Fincher']
Hawaii Five-0,
Immortals,['Tarsem Singh']
Aliens,['James Cameron']
Spartacus: Blood and Sand,
Outer Banks,
Star Trek: Voyager,
Spider-Man,['Sam Raimi']
Arcane: League of Legends,
The Equalizer 3,['Antoine Fuqua']
Avatar: The Last Airbender,
Watchmen,['Zack Snyder']
Léon,['Luc Besson']
9-1-1: Lone Star,
Terminator 2: Judgment Day,['James Cameron']
Chicago P.D.,
SEAL Team,
Citadel,
Vinland Saga,
See,
24,
Oldeuboi,['Park Chan-wook']
The Gentlemen,['Guy Ritchie']
Avengers: Infinity War,
1917,['Sam Mendes']
Im Westen nichts Neues,['Edward Berger']
The Night Manager,
Sicario,['Denis Villeneuve']
Thor: Love and Thunder,['Taika Waititi']
Stargate SG-1,
No Time to Die,['Cary Joji Fukunaga']
Shadow and Bone,
Blade Runner,['Ridley Scott']
The Lord of the Rings: The Return of the King,['Peter Jackson']
The Revenant,['Alejandro G. Iñárritu']
Star Wars: Rebels,
Indiana Jones and the Kingdom of the Crystal Skull,['Steven Spielberg']
Sympathy for the Devil,['Yuval Adler']
The Flood,['Brandon Slagle']
Dune,['David Lynch']
Ojing-eo geim,
Tropic Thunder,['Ben Stiller']
The Northman,['Robert Eggers']
Edge of Tomorrow,['Doug Liman']
Star Wars: The Clone Wars,
The Terminator,['James Cameron']
Knights of the Zodiac,['Tomasz Baginski']
Daredevil,
Mission: Impossible - Dead Reckoning Part Two,['Christopher McQuarrie']
Jumanji: Welcome to the Jungle,['Jake Kasdan']
Pirates of the Caribbean: Dead Men Tell No Tales,
Transformers: The Last Knight,['Michael Bay']
Deadpool,['Tim Miller']
Zom 100: Zombie ni Naru made ni Shitai 100 no Koto,
Man on Fire,['Tony Scott']
Naruto,
The Punisher,
Primal,
"Love, Death & Robots",
Alita: Battle Angel,['Robert Rodriguez']
Ford v Ferrari,['James Mangold']
Teenage Mutant Ninja Turtles,['Steve Barron']
Peacemaker,
Venom,['Ruben Fleischer']
Hypnotic,['Robert Rodriguez']
FBI,
Chuck,
Designated Survivor,
The Old Man,
Kingudamu,['Shinsuke Sato']
Kingsman: The Secret Service,['Matthew Vaughn']
Star Wars,['George Lucas']
Mushoku-tensei ~Isekai ittara honki dasu~,
Captain America: The First Avenger,['Joe Johnston']
Jurassic World: Dominion,['Colin Trevorrow']
The Terminal List,
In Time,['Andrew Niccol']
Deep Blue Sea,['Renny Harlin']
Captain Marvel,
Baywatch,
Kraven the Hunter,['J.C. Chandor']
Doctor Strange in the Multiverse of Madness,['Sam Raimi']
Guardians of the Galaxy Vol. 2,['James Gunn']
Ready or Not,
Black Panther: Wakanda Forever,['Ryan Coogler']
NCIS: Los Angeles,
The Mummy,['Stephen Sommers']
The Witcher: Blood Origin,
Starship Troopers,['Paul Verhoeven']
Adventure Time,
300,['Zack Snyder']
Archer,
The Equalizer,['Antoine Fuqua']
Kingdom of Heaven,['Ridley Scott']
Black Widow,['Cate Shortland']
The Baker,['Jonathan Sobol']
Batman,['Tim Burton']
Transformers: Age of Extinction,['Michael Bay']
Uncharted,['Ruben Fleischer']
Iron Man,['Jon Favreau']
The Recruit,
Spider-Man: Homecoming,['Jon Watts']
Pathaan,['Siddharth Anand']
Birds of Prey and the Fantabulous Emancipation of One Harley Quinn,['Cathy Yan']
Deadpool 2,['David Leitch']
Batman v Superman: Dawn of Justice,['Zack Snyder']
Naruto: Shippûden,
Kill Bill: Vol. 1,['Quentin Tarantino']
Road House,['Rowdy Herrington']
Baby Driver,['Edgar Wright']
Teen Wolf,
Gotham,
Rebel Moon,['Zack Snyder']
Baywatch,['Seth Gordon']
Dragged Across Concrete,['S. Craig Zahler']
Star Trek,['J.J. Abrams']
Hanma Baki: Son of Ogre,
Never Say Never Again,['Irvin Kershner']
World War Z,['Marc Forster']
WandaVision,
The Machine,['Peter Atencio']
A View to a Kill,['John Glen']
Mission: Impossible,
Free Guy,['Shawn Levy']
Ghostbusters,['Ivan Reitman']
Halo,
RRR (Rise Roar Revolt),['S.S. Rajamouli']
Sweet Tooth,
Batman & Robin,['Joel Schumacher']
Station 19,
The Avengers,['Joss Whedon']
From Dusk Till Dawn,['Robert Rodriguez']
Ready Player One,['Steven Spielberg']
Supergirl,
Alice in Borderland,
Justice League,['Zack Snyder']
Longmire,
The Woman King,['Gina Prince-Bythewood']
Thor: Ragnarok,['Taika Waititi']
Aquaman and the Lost Kingdom,['James Wan']
Spy,['Garry Bh']
American Sniper,['Clint Eastwood']
Rome,
She-Hulk: Attorney at Law,
Bumblebee,['Travis Knight']
The Mother,['Niki Caro']
Die Hard,['John McTiernan']
John Wick: Chapter 3 - Parabellum,['Chad Stahelski']
Black Hawk Down,['Ridley Scott']
Jack Reacher,['Christopher McQuarrie']
Bleach: Burîchi,
Pearl Harbor,['Michael Bay']
The Day After Tomorrow,['Roland Emmerich']
Walker,
RoboCop,['Paul Verhoeven']
Hunter x Hunter,
Les trois mousquetaires: D'Artagnan,['Martin Bourboulon']
Poker Face,['Russell Crowe']
Rabbit Hole,
Eternals,['Chloé Zhao']
Checkmate,
Teenage Mutant Ninja Turtles,['Jonathan Liebesman']
Killing Eve,
Prey,['Dan Trachtenberg']
Boku no hîrô akademia,
The Fall Guy,['David Leitch']
The Fifth Element,['Luc Besson']
Shang-Chi and the Legend of the Ten Rings,['Destin Daniel Cretton']
Independence Day,['Roland Emmerich']
Fury,['David Ayer']
Castlevania,
Gladiator 2,['Ridley Scott']
Logan,['James Mangold']
Enterprise,
The Predator,['Shane Black']
Wrath of Man,['Guy Ritchie']
Pixels,['Chris Columbus']
Hot Fuzz,['Edgar Wright']
Black Clover,
Batman Forever,['Joel Schumacher']
The Lost City,
The Count of Monte Cristo,['Kevin Reynolds']
Battleship,['Peter Berg']
Apocalypto,['Mel Gibson']
The Commuter,['Jaume Collet-Serra']
The Last Duel,['Ridley Scott']
The Karate Kid,['John G. Avildsen']
Scott Pilgrim vs. the World,['Edgar Wright']
Superman: Legacy,['James Gunn']
The Wrath of Becky,
The Hunger Games: Catching Fire,['Francis Lawrence']
The Lord of the Rings: The Two Towers,['Peter Jackson']
Ambulance,['Michael Bay']
Divergent,['Neil Burger']
Gods of Egypt,['Alex Proyas']
Kick-Ass,['Matthew Vaughn']
Transformers: Revenge of the Fallen,['Michael Bay']
John Wick: Chapter 2,['Chad Stahelski']
Thor,['Kenneth Branagh']
Transformers: Dark of the Moon,['Michael Bay']
Suzume no Tojimari,['Makoto Shinkai']
Men in Black,['Barry Sonnenfeld']
Death Proof,['Quentin Tarantino']
Battlestar Galactica,
Vikings: Valhalla,
Moon Knight,
Alias,
Knight and Day,['James Mangold']
The Legend of Tarzan,['David Yates']
The Warriors,['Walter Hill']
The Fast and the Furious,['Rob Cohen']
Rogue One,['Gareth Edwards']
Percy Jackson and the Olympians,
The Incredibles,['Brad Bird']
Legion,
Wonder Woman,['Patty Jenkins']
Armageddon,['Michael Bay']
The Great Raid,['John Dahl']
Ender's Game,['Gavin Hood']
CSI: Miami,
The Blues Brothers,['John Landis']
Migration,
Jurassic World,['Colin Trevorrow']
GoldenEye,['Martin Campbell']
Predator,['John McTiernan']
Spider-Man 3,['Sam Raimi']
Obi-Wan Kenobi,
Casino Royale,['Martin Campbell']
Bloodhounds,
Star Wars: Episode I - The Phantom Menace,['George Lucas']
Conan the Barbarian,['John Milius']
Transcendence,['Wally Pfister']
Angel,
The Matrix Resurrections,['Lana Wachowski']
The Venture Bros.,
Magnum P.I.,
Ms. Marvel,
Star Trek Into Darkness,['J.J. Abrams']
Chainsaw Man,
X-Men,['Bryan Singer']
The Mummy,['Alex Kurtzman']
Harry Potter and the Order of the Phoenix,['David Yates']
The Man from U.N.C.L.E.,['Guy Ritchie']
Upgrade,['Leigh Whannell']
Burn Notice,
Star Wars: Episode IX - The Rise of Skywalker,['J.J. Abrams']
Black Sails,
Noah,['Darren Aronofsky']
Spider-Man: Far from Home,['Jon Watts']
Warrior,"[""Gavin O'Connor""]"
Altered Carbon,
Mad Max,['George Miller']
"Magnum, P.I.",
Miami Vice,
Black Panther,['Ryan Coogler']
The Bourne Identity,['Doug Liman']
Stargate: Atlantis,
Jumanji: The Next Level,['Jake Kasdan']
The Lazarus Project,
F9,['Justin Lin']
Batman: The Animated Series,
Legends of Tomorrow,
The Hunt,['Craig Zobel']
Red Notice,['Rawson Marshall Thurber']
The King's Man,['Matthew Vaughn']
Point Break,['Kathryn Bigelow']
The Legend of Vox Machina,
Spider-Man 2,['Sam Raimi']
Minority Report,['Steven Spielberg']
Aquaman,['James Wan']
Doom Patrol,
Star Wars: Episode VII - The Force Awakens,['J.J. Abrams']
V for Vendetta,['James McTeigue']
War of the Worlds,['Steven Spielberg']
Rush Hour,['Brett Ratner']
The Magnificent Seven,['Antoine Fuqua']
Van Helsing,['Stephen Sommers']
Anna,['Luc Besson']
Star Wars: Episode V - The Empire Strikes Back,['Irvin Kershner']
Castlevania: Nocturne,
Rampage,['Brad Peyton']
Collateral,['Michael Mann']
Hagane no renkinjutsushi,
Avatar: The Last Airbender,
Busanhaeng,['Sang-ho Yeon']
Superman,['Richard Donner']
Warhorse One,
Snowpiercer,
Pirates of the Caribbean: Dead Man's Chest,['Gore Verbinski']
Peter Pan & Wendy,['David Lowery']
Solo: A Star Wars Story,['Ron Howard']
JoJo no Kimyô na Bôken,
The Island,['Shaun Paul Piccinino']
Escape Room,['Adam Robitel']
D.P.,
Major Crimes,
Dragon Ball Z,
The Maze Runner,['Wes Ball']
Harry Potter and the Half-Blood Prince,['David Yates']
3:10 to Yuma,['James Mangold']
One Punch Man: Wanpanman,
Red Sparrow,['Francis Lawrence']
True Lies,['James Cameron']
NCIS: Hawai'i,
The Amazing Spider-Man,['Marc Webb']
Terminator 3: Rise of the Machines,['Jonathan Mostow']
Greyhound,['Aaron Schneider']
Murder Mystery 2,['Jeremy Garelick']
American Made,['Doug Liman']
The Accountant,"[""Gavin O'Connor""]"
Avengers: Age of Ultron,['Joss Whedon']
Fast & Furious,['Justin Lin']
Jessica Jones,
NCIS: New Orleans,
The Mask,['Chuck Russell']
The Other Guys,['Adam McKay']
Ocean's Eight,['Gary Ross']
21 Jump Street,
Last Resort,
IB 71,
Miami Vice,['Michael Mann']
Speed,['Jan de Bont']
Stargate,['Roland Emmerich']
Wanted,['Timur Bekmambetov']
The Last Ship,
Training Day,['Antoine Fuqua']
Kung Fu Panda,
Iron Man Three,['Shane Black']
Hawkeye,
The Pacific,
Mortal Engines,['Christian Rivers']
Shazam!,['David F. Sandberg']
CSI: NY,
Mr. & Mrs. Smith,['Doug Liman']
Thunderbolts,['Jake Schreier']
Skyfall,['Sam Mendes']
X-Men: Days of Future Past,['Bryan Singer']
Batman Returns,['Tim Burton']
Source Code,['Duncan Jones']
Midway,['Roland Emmerich']
Taken,['Pierre Morel']
Captain America: Brave New World,['Julius Onah']
Escape Plan,['Mikael Håfström']
The Fast and the Furious: Tokyo Drift,['Justin Lin']
Godzilla vs. Kong,['Adam Wingard']
Rush,['Ron Howard']
6 Underground,['Michael Bay']
The Boondocks,
Fallout,
28 Weeks Later,['Juan Carlos Fresnadillo']
Terminator: Dark Fate,['Tim Miller']
The Last of the Mohicans,['Michael Mann']
Godless,
The Hunger Games: Mockingjay - Part 1,['Francis Lawrence']
Children of Men,['Alfonso Cuarón']
Tron,['Joseph Kosinski']
In the Dark,
"Lock, Stock and Two Smoking Barrels",['Guy Ritchie']
Shin Kamen Raidâ,['Hideaki Anno']
Jigokuraku,
Pirates of the Caribbean: On Stranger Tides,['Rob Marshall']
Shotgun Wedding,['Jason Moore']
Escape Room: Tournament of Champions,['Adam Robitel']
Gangs of London,
Snowpiercer,['Bong Joon Ho']
Dawn of the Dead,['Zack Snyder']
Star Wars: Episode III - Revenge of the Sith,['George Lucas']
Heart of Stone,['Tom Harper']
Masters of the Air,
Star Trek Beyond,['Justin Lin']
Spider-Man: Beyond the Spider-Verse,
Sonic the Hedgehog 2,['Jeff Fowler']
Spider-Man: Lotus,['Gavin J. Konop']
Argylle,['Matthew Vaughn']
Chappie,['Neill Blomkamp']
The Lego Movie,
13 Hours,['Michael Bay']
Legend of the White Dragon,['Aaron Schoenke']
WarGames,['John Badham']
Kingdom,
The Incredible Hulk,['Louis Leterrier']
District 9,['Neill Blomkamp']
Twister,['Jan de Bont']
Star Wars: Episode VI - Return of the Jedi,['Richard Marquand']
Deep Impact,['Mimi Leder']
Captain America: Civil War,
Anthropoid,['Sean Ellis']
SAS Rogue Heroes,
Blood & Gold,['Peter Thorwarth']
X-Men: Apocalypse,['Bryan Singer']
Shichinin no samurai,['Akira Kurosawa']
Predestination,
Pirates of the Caribbean: At World's End,['Gore Verbinski']
The Equalizer 2,['Antoine Fuqua']
Lucy,['Luc Besson']
Boss Bitch Fight Challenge,['Zoë Bell']
The Last Samurai,['Edward Zwick']
The Fugitive,['Andrew Davis']
Peaky Blinders: The King's Ransom,
The Legend of Korra,
Game Night,
Shûmatsu no Valkyrie,
The Patriot,['Roland Emmerich']
Scorpion,
Kingsman: The Golden Circle,['Matthew Vaughn']
The Amazing Spider-Man 2,['Marc Webb']
Unbroken,['Angelina Jolie']
Hotel Artemis,['Drew Pearce']
Homefront,['Gary Fleder']
Highlander,['Russell Mulcahy']
FBI: Most Wanted,
Split Second,['Tony Maylam']
Doctor Strange,['Scott Derrickson']
In the Heart of the Sea,['Ron Howard']
Ant-Man,['Peyton Reed']
Pacific Rim,['Guillermo del Toro']
The Hunger Games: Mockingjay - Part 2,['Francis Lawrence']
Gotham Knights,
Iron Fist,
The Tomorrow War,['Chris McKay']
Poketto monsutâ,
Jungle Cruise,['Jaume Collet-Serra']
The School for Good and Evil,['Paul Feig']
The Book of Boba Fett,
Elysium,['Neill Blomkamp']
The Last Kingdom: Seven Kings Must Die,['Edward Bazalgette']
Moonfall,['Roland Emmerich']
Valerian and the City of a Thousand Planets,['Luc Besson']
Jurassic World: Fallen Kingdom,['J.A. Bayona']
The Boondock Saints,['Troy Duffy']
Sonic the Hedgehog,['Jeff Fowler']
Devotion,['J.D. Dillard']
El Camino: A Breaking Bad Movie,['Vince Gilligan']
JAG,
Fauda,
Total Recall,['Paul Verhoeven']
Young Guns,['Christopher Cain']
Snow White and the Huntsman,['Rupert Sanders']
Blade,['Stephen Norrington']
X: First Class,['Matthew Vaughn']
Memory,['Martin Campbell']
Con Air,['Simon West']
How to Train Your Dragon,
Enter the Dragon,['Robert Clouse']
The Adam Project,['Shawn Levy']
Kenpuu Denki Berserk,
Babylon 5,
Our Flag Means Death,
Teenage Mutant Ninja Turtles: Out of the Shadows,['Dave Green']
Sky High,['Mike Mitchell']
Constantine,['Francis Lawrence']
Avengers: Secret Wars,
Fast & Furious 7,['James Wan']
Clear and Present Danger,['Phillip Noyce']
Fantastic Four,['Matt Shakman']
Emergency!,
Sicario: Day of the Soldado,['Stefano Sollima']
The Rock,['Michael Bay']
What If...?,
A Knight's Tale,['Brian Helgeland']
Captain Phillips,['Paul Greengrass']
Cyberpunk: Edgerunners,
The Rookie: Feds,
First Blood,['Ted Kotcheff']
Queen of the South,
The Perfect Storm,['Wolfgang Petersen']
Shooter,['Antoine Fuqua']
The Shallows,['Jaume Collet-Serra']
Havoc,['Gareth Evans']
Oblivion,['Joseph Kosinski']
Ji-geum u-ri hak-gyo-neun,
Til Death Do Us Part,['Timothy Woodward Jr.']
Hulk,['Ang Lee']
Army of the Dead,['Zack Snyder']
Face/Off,['John Woo']
Wo de ren jian yan huo,
Violent Night,['Tommy Wirkola']
"Walker, Texas Ranger",
Captain America: The Winter Soldier,
Star Wars: The Bad Batch,
True Lies,
Jason Bourne,['Paul Greengrass']
Morbius,['Daniel Espinosa']
PAW Patrol: The Mighty Movie,['Cal Brunker']
Batman,
Lethal Weapon,['Richard Donner']
Zombieland,['Ruben Fleischer']
Teenage Mutant Ninja Turtles,
The Bourne Supremacy,['Paul Greengrass']
Mortal Kombat,['Simon McQuoid']
Mononoke-hime,['Hayao Miyazaki']
Natural Born Killers,['Oliver Stone']
DC League of Super-Pets,
MacGyver,
Wonder Woman 1984,['Patty Jenkins']
Incredibles 2,['Brad Bird']
Alien³,['David Fincher']
Regular Show,
Iron Man 2,['Jon Favreau']
King Arthur: Legend of the Sword,['Guy Ritchie']
Spectre,['Sam Mendes']
Mortal Kombat 2,['Simon McQuoid']
Baki,
Resident Evil,['Paul W.S. Anderson']
Ride Along,['Tim Story']
Sherlock Holmes,['Guy Ritchie']
Star Wars: Episode II - Attack of the Clones,['George Lucas']
The Lost World: Jurassic Park,['Steven Spielberg']
Drive-Away Dolls,['Ethan Coen']
Daredevil: Born Again,
Tank Girl,['Rachel Talalay']
Enemy at the Gates,['Jean-Jacques Annaud']
The Huntsman: Winter's War,['Cedric Nicolas-Troyan']
Triple Frontier,['J.C. Chandor']
Mulan,['Niki Caro']
Master and Commander: The Far Side of the World,['Peter Weir']
The Karate Kid,['Harald Zwart']
Blindspot,
The Covenant,['Renny Harlin']
Drive Angry,['Patrick Lussier']
Underwater,['William Eubank']
Smokin' Aces,['Joe Carnahan']
Ballerina,['Len Wiseman']
The Old Way,['Brett Donowho']
Fantastic Four,['Josh Trank']
Enola Holmes,['Harry Bradbeer']
Kaubôi bibappu: Cowboy Bebop,
Old Henry,['Potsy Ponciroli']
They Live,['John Carpenter']
Pineapple Express,['David Gordon Green']
Terminator Genisys,['Alan Taylor']
Planet of the Apes,['Tim Burton']
2012,['Roland Emmerich']
Big Trouble in Little China,['John Carpenter']
Robin Hood: Prince of Thieves,['Kevin Reynolds']
Jawan,['Atlee']
Kill Bill: Vol. 2,['Quentin Tarantino']
Star Wars: Episode VIII - The Last Jedi,['Rian Johnson']
Greenland,['Ric Roman Waugh']
2 Fast 2 Furious,['John Singleton']
Thirteen Lives,['Ron Howard']
King Kong,['Peter Jackson']
Run Hide Fight,['Kyle Rankin']
Becky,
The Twilight Saga: Eclipse,['David Slade']
The Three Musketeers,['Paul W.S. Anderson']
X-Men Origins: Wolverine,['Gavin Hood']
Alien Resurrection,['Jean-Pierre Jeunet']
The Owl House,
Untitled Venom Sequel,['Kelly Marcel']
Only God Forgives,['Nicolas Winding Refn']
Warcraft,['Duncan Jones']
Batman v Superman: Dawn of Justice (Ultimate Edition),['Zack Snyder']
Poseidon,['Wolfgang Petersen']
Johnny English Strikes Again,['David Kerr']
The Fighter,['David O. Russell']
Olympus Has Fallen,['Antoine Fuqua']
Phineas and Ferb,
The Crow,['Alex Proyas']
Looper,['Rian Johnson']
Polar,['Jonas Åkerlund']
Waterworld,['Kevin Reynolds']
Tomb Raider,['Roar Uthaug']
Clash of the Titans,['Louis Leterrier']
Batgirl,
Superhero Movie,['Craig Mazin']
The World's End,['Edgar Wright']
Murder Mystery,['Kyle Newacheck']
Lupin,
Super 8,['J.J. Abrams']
Shinseiki Evangelion,
Red Dead Redemption II,
Creed,['Ryan Coogler']
Kaleidoscope,
Beverly Hills Cop,['Martin Brest']
Shadowhunters: The Mortal Instruments,
National Treasure,['Jon Turteltaub']
X-Men: The Last Stand,['Brett Ratner']
Lone Survivor,['Peter Berg']
Captain Underpants: The First Epic Movie,['David Soren']
G.I. Joe: The Rise of Cobra,['Stephen Sommers']
The Life Aquatic with Steve Zissou,['Wes Anderson']
The Falcon and the Winter Soldier,
John Carter,['Andrew Stanton']
American Gladiators,
Gamer,
Hitman's Wife's Bodyguard,['Patrick Hughes']
Quantum Leap,
Men in Black 3,['Barry Sonnenfeld']
Oldboy,['Spike Lee']
Young Hercules,
I Am Legend,['Francis Lawrence']
Hwan Hon,
Called to Duty,['Ashley L. Gibson']
Sucker Punch,['Zack Snyder']
Godzilla,['Gareth Edwards']
The Wolverine,['James Mangold']
Law Abiding Citizen,['F. Gary Gray']
Strike Back,
Spy,['Paul Feig']
The Italian Job,['F. Gary Gray']
Henry Danger,
Treason,
American Born Chinese,
Resident Evil: Welcome to Raccoon City,['Johannes Roberts']
Tehran,
Die Hard with a Vengeance,['John McTiernan']
The Equalizer,
The Collective,['Tom DeNucci']
"I, Robot",['Alex Proyas']
MacGyver,
Pancho Villa. El Centauro del Norte,
Kingdom of the Planet of the Apes,['Wes Ball']
Tokyo Revengers,
Boruto: Naruto Next Generations,
The Quick and the Dead,['Sam Raimi']
Avengers: The Kang Dynasty,['Destin Daniel Cretton']
Shooter,
The Last Man on Earth,
Fast & Furious Presents: Hobbs & Shaw,['David Leitch']
Madame Web,['S.J. Clarkson']
Tag,['Jeff Tomsic']
Beast,['Baltasar Kormákur']
Men in Black II,['Barry Sonnenfeld']
Underworld,['Len Wiseman']
Mad Max 2,['George Miller']
Serenity,['Joss Whedon']
Gyeongiroun Somun,
Public Enemies,['Michael Mann']
Fast Five,['Justin Lin']
Big Hero 6,
Grand Theft Auto V,
Kong: Skull Island,['Jordan Vogt-Roberts']
Teen Titans,
Long ma jing shen,['Larry Yang']
Rango,['Gore Verbinski']
Dark Phoenix,['Simon Kinberg']
The Last Boy Scout,['Tony Scott']
Superman Returns,['Bryan Singer']
Clash of the Titans,['Desmond Davis']
Raya and the Last Dragon,
The Bourne Legacy,['Tony Gilroy']
Thor: The Dark World,['Alan Taylor']
Total Recall,['Len Wiseman']
For Your Eyes Only,['John Glen']
Gadar 2,['Anil Sharma']
Farscape,
Chronicle,['Josh Trank']
Ragnarok,
Retfærdighedens ryttere,['Anders Thomas Jensen']
Quantum of Solace,['Marc Forster']
Falling Down,['Joel Schumacher']
The Old Guard,['Gina Prince-Bythewood']
Den of Thieves,['Christian Gudegast']
Maximum Overdrive,['Stephen King']
Atomic Blonde,['David Leitch']
Ang-ma-reul bo-at-da,['Jee-woon Kim']
Ghostbusters,['Paul Feig']
The Lord of the Rings: The War of the Rohirrim,['Kenji Kamiyama']
Hanna,['Joe Wright']
Dragonball Evolution,['James Wong']
White House Down,['Roland Emmerich']
Free Fire,['Ben Wheatley']
Outlaw King,['David Mackenzie']
Creed II,['Steven Caple Jr.']
The A-Team,
Gemini Man,['Ang Lee']
X2,['Bryan Singer']
The World Is Not Enough,['Michael Apted']
The Matrix Reloaded,
The Wild Wild West,
RED,['Robert Schwentke']
The New Mutants,['Josh Boone']
Furiosa,['George Miller']
Rise of the Planet of the Apes,['Rupert Wyatt']
Akira,['Katsuhiro Ôtomo']
Young Justice,
Agent Carter,
Logan Lucky,['Steven Soderbergh']
Samaritan,['Julius Avery']
The Librarians,
The Mummy Returns,['Stephen Sommers']
Vertical Limit,['Martin Campbell']
Infinite,['Antoine Fuqua']
Jack Reacher: Never Go Back,['Edward Zwick']
Kingdom II: Harukanaru Daichi e,['Shinsuke Sato']
The Lego Batman Movie,['Chris McKay']
Nikita,
The Roundup: No Way Out,['Sang-yong Lee']
Deja Vu,['Tony Scott']
Dragon Ball Super: Super Hero,['Tetsuro Kodama']
Perfect Addiction,['Castille Landon']
Spy x Family,
Charlie's Angels,['McG']
Red One,['Jake Kasdan']
22 Jump Street,
Deepwater Horizon,['Peter Berg']
Enola Holmes 2,['Harry Bradbeer']
The Harder They Fall,['Jeymes Samuel']
Day Shift,['J.J. Perry']
Bungou Stray Dogs,
Army of Thieves,['Matthias Schweighöfer']
Layer Cake,['Matthew Vaughn']
The Expendables,['Sylvester Stallone']
Into the Badlands,
Crank,
Teenage Mutant Ninja Turtles,
The Fate of the Furious,['F. Gary Gray']
Pokémon: Detective Pikachu,['Rob Letterman']
Lightyear,['Angus MacLane']
The Hunt for Red October,['John McTiernan']
The Family Man,
The Avengers,
Warrior Nun,
The Winchesters,
Safe House,['Daniel Espinosa']
Dredd,['Pete Travis']
Hellboy,['Neil Marshall']
The Island,['Michael Bay']
Fallen,['Gregory Hoblit']
San Andreas,['Brad Peyton']
Death Wish,['Eli Roth']
Ghost in the Shell,['Rupert Sanders']
AKA,['Morgan S. Dalibert']
Teenage Mutant Ninja Turtles II: The Secret of the Ooze,['Michael Pressman']
Cloverfield,['Matt Reeves']
12 Strong,['Nicolai Fuglsig']
Now You See Me 2,['Jon M. Chu']
Kick-Ass 2,['Jeff Wadlow']
The Quarry,['Will Byles']
Patriot Games,['Phillip Noyce']
Furious 6,['Justin Lin']
Don't Breathe 2,['Rodo Sayagues']
Spiderhead,['Joseph Kosinski']
Bad Boys 4,
The Dukes of Hazzard,
Planet Terror,['Robert Rodriguez']
The League of Extraordinary Gentlemen,['Stephen Norrington']
Jurassic Park III,['Joe Johnston']
Gintama,
Teen Wolf: The Movie,['Russell Mulcahy']
FBI: International,
The Nevers,
Atlantis: The Lost Empire,
Lockwood & Co.,
The Bourne Ultimatum,['Paul Greengrass']
Bad Boys,['Michael Bay']
RoboCop,['José Padilha']
Tomorrowland,['Brad Bird']
Demolition Man,['Marco Brambilla']
The Last Airbender,['M. Night Shyamalan']
Last Seen Alive,['Brian Goodman']
Masters of the Universe,['Gary Goddard']
Godzilla: King of the Monsters,['Michael Dougherty']
Men in Black: International,['F. Gary Gray']
Terminator Salvation,['McG']
Lethal Weapon 5,['Mel Gibson']
Fate: The Winx Saga,
The Running Man,['Paul Michael Glaser']
Exodus: Gods and Kings,['Ridley Scott']
Emancipation,['Antoine Fuqua']
One Piece Film Red,['Gorô Taniguchi']
Mad Max Beyond Thunderdome,
Smokey and the Bandit,['Hal Needham']
Mandy,['Panos Cosmatos']
Escape from New York,['John Carpenter']
G.I. Joe: Retaliation,['Jon M. Chu']
Romancing the Stone,['Robert Zemeckis']
Gunpowder Milkshake,['Navot Papushado']
Black Summer,
Blade,['Yann Demange']
The Contractor,['Tarik Saleh']
Commando,['Mark L. Lester']
Everest,['Baltasar Kormákur']
Hercules,['Brett Ratner']
Sonic Prime,
Lethal Weapon,
Godzilla x Kong: The New Empire,['Adam Wingard']
The Punisher,['Jonathan Hensleigh']
300: Rise of an Empire,['Noam Murro']
Kickboxer,
The A-Team,['Joe Carnahan']
Pain & Gain,['Michael Bay']
Mortal Kombat,['Paul W.S. Anderson']
Team America: World Police,['Trey Parker']
Gekijouban Jujutsu Kaisen 0,['Seong-Hu Park']
TMNT,['Kevin Munroe']
Dr. No,['Terence Young']
Miss Congeniality,['Donald Petrie']
Polite Society,['Nida Manzoor']
Retribution,['Nimród Antal']
Covert Affairs,
A History of Violence,['David Cronenberg']
Terminator: The Sarah Connor Chronicles,
Binsenjo,
Oegye+in 1bu,['Dong-hoon Choi']
Ant-Man and the Wasp,['Peyton Reed']
Monster Hunter,['Paul W.S. Anderson']
Shantaram,
Disenchantment,
True History of the Kelly Gang,['Justin Kurzel']
Rambo: First Blood Part II,['George P. Cosmatos']
Mannix,
V,
Serbuan maut,['Gareth Evans']
Geostorm,['Dean Devlin']
End of Watch,['David Ayer']
Marco Polo,
You Don't Mess with the Zohan,['Dennis Dugan']
Knowing,['Alex Proyas']
The Sum of All Fears,['Phil Alden Robinson']
Independence Day: Resurgence,['Roland Emmerich']
Air Force One,['Wolfgang Petersen']
Open Range,['Kevin Costner']
Strange World,
Machete,
Central Intelligence,['Rawson Marshall Thurber']
Bad Boys for Life,
Rush Hour 2,['Brett Ratner']
Wonder Woman,
The Three Musketeers,['Stephen Herek']
Dragon Ball Super: Doragon bôru cho,
Joy Ride,['John Dahl']
The Hitman's Bodyguard,['Patrick Hughes']
Mafia Mamma,['Catherine Hardwicke']
Bronson,['Nicolas Winding Refn']
Die Another Day,['Lee Tamahori']
Dog Soldiers,['Neil Marshall']
Real Steel,['Shawn Levy']
Ben 10,
The Young Indiana Jones Chronicles,
Dirty Harry,
Haita de actiune,['Vali Dobrogeanu']
We Can Be Heroes,['Robert Rodriguez']
Love and Monsters,['Michael Matthews']
Lou,['Anna Foerster']
Final Fantasy XVI,
Çukur,
